"Identifier";"Year";"Country";"Site";"Compartment";"Run";"ReplicateNr";"YearTotal";"InfectionStatus";"IdentifierWOReplicateNr"
"DE_erg_inf_Endo_2015_1";"1";"DE";"erg";"endo";"J";"1";"2015";"inf";"DE_erg_inf_Endo_2015"
"DE_erg_inf_Endo_2015_2";"1";"DE";"erg";"endo";"L";"2";"2015";"inf";"DE_erg_inf_Endo_2015"
"DE_erg_inf_Endo_2015_3";"1";"DE";"erg";"endo";"O";"3";"2015";"inf";"DE_erg_inf_Endo_2015"
"DE_erg_inf_Endo_2016_1";"2";"DE";"erg";"endo";"M";"1";"2016";"inf";"DE_erg_inf_Endo_2016"
"DE_erg_inf_Endo_2016_2";"2";"DE";"erg";"endo";"N";"2";"2016";"inf";"DE_erg_inf_Endo_2016"
"DE_erg_inf_Endo_2016_3";"2";"DE";"erg";"endo";"O";"3";"2016";"inf";"DE_erg_inf_Endo_2016"
"DE_erg_inf_Wl_2015_1";"1";"DE";"erg";"wl";"D";"1";"2015";"inf";"DE_erg_inf_Wl_2015"
"DE_erg_inf_Wl_2015_2";"1";"DE";"erg";"wl";"D";"2";"2015";"inf";"DE_erg_inf_Wl_2015"
"DE_erg_inf_Wl_2015_3";"1";"DE";"erg";"wl";"D";"3";"2015";"inf";"DE_erg_inf_Wl_2015"
"DE_erg_inf_Wl_2016_1";"2";"DE";"erg";"wl";"E";"1";"2016";"inf";"DE_erg_inf_Wl_2016"
"DE_erg_inf_Wl_2016_2";"2";"DE";"erg";"wl";"E";"2";"2016";"inf";"DE_erg_inf_Wl_2016"
"DE_erg_inf_Wl_2016_3";"2";"DE";"erg";"wl";"E";"3";"2016";"inf";"DE_erg_inf_Wl_2016"
"DE_erg_uni_Endo_2015_1";"1";"DE";"erg";"endo";"O";"1";"2015";"uni";"DE_erg_uni_Endo_2015"
"DE_erg_uni_Endo_2015_2";"1";"DE";"erg";"endo";"O";"2";"2015";"uni";"DE_erg_uni_Endo_2015"
"DE_erg_uni_Endo_2015_3";"1";"DE";"erg";"endo";"O";"3";"2015";"uni";"DE_erg_uni_Endo_2015"
"DE_erg_uni_Endo_2016_1";"2";"DE";"erg";"endo";"K";"1";"2016";"uni";"DE_erg_uni_Endo_2016"
"DE_erg_uni_Endo_2016_2";"2";"DE";"erg";"endo";"K";"2";"2016";"uni";"DE_erg_uni_Endo_2016"
"DE_erg_uni_Endo_2016_3";"2";"DE";"erg";"endo";"M";"3";"2016";"uni";"DE_erg_uni_Endo_2016"
"DE_erg_uni_Endo_2017_1";"3";"DE";"erg";"endo";"G";"1";"2017";"uni";"DE_erg_uni_Endo_2017"
"DE_erg_uni_Endo_2017_2";"3";"DE";"erg";"endo";"G";"2";"2017";"uni";"DE_erg_uni_Endo_2017"
"DE_erg_uni_Endo_2017_3";"3";"DE";"erg";"endo";"G";"3";"2017";"uni";"DE_erg_uni_Endo_2017"
"DE_erg_uni_Wl_2015_1";"1";"DE";"erg";"wl";"E";"1";"2015";"uni";"DE_erg_uni_Wl_2015"
"DE_erg_uni_Wl_2015_2";"1";"DE";"erg";"wl";"E";"2";"2015";"uni";"DE_erg_uni_Wl_2015"
"DE_erg_uni_Wl_2015_3";"1";"DE";"erg";"wl";"E";"3";"2015";"uni";"DE_erg_uni_Wl_2015"
"DE_erg_uni_Wl_2016_1";"2";"DE";"erg";"wl";"E";"1";"2016";"uni";"DE_erg_uni_Wl_2016"
"DE_erg_uni_Wl_2016_2";"2";"DE";"erg";"wl";"E";"2";"2016";"uni";"DE_erg_uni_Wl_2016"
"DE_erg_uni_Wl_2016_3";"2";"DE";"erg";"wl";"E";"3";"2016";"uni";"DE_erg_uni_Wl_2016"
"DE_erg_uni_Wl_2017_1";"3";"DE";"erg";"wl";"G";"1";"2017";"uni";"DE_erg_uni_Wl_2017"
"DE_erg_uni_Wl_2017_2";"3";"DE";"erg";"wl";"G";"2";"2017";"uni";"DE_erg_uni_Wl_2017"
"DE_erg_uni_Wl_2017_3";"3";"DE";"erg";"wl";"G";"3";"2017";"uni";"DE_erg_uni_Wl_2017"
"DE_ey_inf_Endo_2015_1";"1";"DE";"ey";"endo";"I";"1";"2015";"inf";"DE_ey_inf_Endo_2015"
"DE_ey_inf_Endo_2015_2";"1";"DE";"ey";"endo";"L";"2";"2015";"inf";"DE_ey_inf_Endo_2015"
"DE_ey_inf_Endo_2015_3";"1";"DE";"ey";"endo";"L";"3";"2015";"inf";"DE_ey_inf_Endo_2015"
"DE_ey_inf_Endo_2016_1";"2";"DE";"ey";"endo";"H";"1";"2016";"inf";"DE_ey_inf_Endo_2016"
"DE_ey_inf_Endo_2016_2";"2";"DE";"ey";"endo";"I";"2";"2016";"inf";"DE_ey_inf_Endo_2016"
"DE_ey_inf_Endo_2016_3";"2";"DE";"ey";"endo";"J";"3";"2016";"inf";"DE_ey_inf_Endo_2016"
"DE_ey_inf_Wl_2016_1";"2";"DE";"ey";"wl";"E";"1";"2016";"inf";"DE_ey_inf_Wl_2016"
"DE_ey_inf_Wl_2016_2";"2";"DE";"ey";"wl";"E";"2";"2016";"inf";"DE_ey_inf_Wl_2016"
"DE_ey_inf_Wl_2016_3";"2";"DE";"ey";"wl";"E";"3";"2016";"inf";"DE_ey_inf_Wl_2016"
"DE_ey_uni_Endo_2015_1";"1";"DE";"ey";"endo";"H";"1";"2015";"uni";"DE_ey_uni_Endo_2015"
"DE_ey_uni_Endo_2015_2";"1";"DE";"ey";"endo";"H";"2";"2015";"uni";"DE_ey_uni_Endo_2015"
"DE_ey_uni_Endo_2016_1";"2";"DE";"ey";"endo";"H";"1";"2016";"uni";"DE_ey_uni_Endo_2016"
"DE_ey_uni_Endo_2016_2";"2";"DE";"ey";"endo";"H";"2";"2016";"uni";"DE_ey_uni_Endo_2016"
"DE_ey_uni_Endo_2016_3";"2";"DE";"ey";"endo";"H";"3";"2016";"uni";"DE_ey_uni_Endo_2016"
"DE_ey_uni_Endo_2017_1";"3";"DE";"ey";"endo";"G";"1";"2017";"uni";"DE_ey_uni_Endo_2017"
"DE_ey_uni_Endo_2017_2";"3";"DE";"ey";"endo";"G";"2";"2017";"uni";"DE_ey_uni_Endo_2017"
"DE_ey_uni_Endo_2017_3";"3";"DE";"ey";"endo";"G";"3";"2017";"uni";"DE_ey_uni_Endo_2017"
"DE_ey_uni_Wl_2015_1";"1";"DE";"ey";"wl";"D";"1";"2015";"uni";"DE_ey_uni_Wl_2015"
"DE_ey_uni_Wl_2015_2";"1";"DE";"ey";"wl";"D";"2";"2015";"uni";"DE_ey_uni_Wl_2015"
"DE_ey_uni_Wl_2015_3";"1";"DE";"ey";"wl";"D";"3";"2015";"uni";"DE_ey_uni_Wl_2015"
"DE_ey_uni_Wl_2016_1";"2";"DE";"ey";"wl";"E";"1";"2016";"uni";"DE_ey_uni_Wl_2016"
"DE_ey_uni_Wl_2016_2";"2";"DE";"ey";"wl";"E";"2";"2016";"uni";"DE_ey_uni_Wl_2016"
"DE_ey_uni_Wl_2016_3";"2";"DE";"ey";"wl";"E";"3";"2016";"uni";"DE_ey_uni_Wl_2016"
"DE_ey_uni_Wl_2017_1";"3";"DE";"ey";"wl";"G";"1";"2017";"uni";"DE_ey_uni_Wl_2017"
"DE_ey_uni_Wl_2017_2";"3";"DE";"ey";"wl";"G";"2";"2017";"uni";"DE_ey_uni_Wl_2017"
"DE_ey_uni_Wl_2017_3";"3";"DE";"ey";"wl";"G";"3";"2017";"uni";"DE_ey_uni_Wl_2017"
"DE_jug_inf_Endo_2015_1.1";"1";"DE";"jug";"endo";"A";"1.1";"2015";"inf";"DE_jug_inf_Endo_2015"
"DE_jug_inf_Endo_2015_1.2";"1";"DE";"jug";"endo";"I";"1.2";"2015";"inf";"DE_jug_inf_Endo_2015"
"DE_jug_inf_Endo_2015_2.1";"1";"DE";"jug";"endo";"A";"2.1";"2015";"inf";"DE_jug_inf_Endo_2015"
"DE_jug_inf_Endo_2015_2.2";"1";"DE";"jug";"endo";"K";"2.2";"2015";"inf";"DE_jug_inf_Endo_2015"
"DE_jug_inf_Endo_2015_3.1";"1";"DE";"jug";"endo";"A";"3.1";"2015";"inf";"DE_jug_inf_Endo_2015"
"DE_jug_inf_Endo_2015_3.2";"1";"DE";"jug";"endo";"O";"3.2";"2015";"inf";"DE_jug_inf_Endo_2015"
"DE_jug_inf_Endo_2017_1";"3";"DE";"jug";"endo";"F";"1";"2017";"inf";"DE_jug_inf_Endo_2017"
"DE_jug_inf_Endo_2017_2";"3";"DE";"jug";"endo";"F";"2";"2017";"inf";"DE_jug_inf_Endo_2017"
"DE_jug_inf_Endo_2017_3";"3";"DE";"jug";"endo";"F";"3";"2017";"inf";"DE_jug_inf_Endo_2017"
"DE_jug_inf_Wl_2015_1";"1";"DE";"jug";"wl";"A";"1";"2015";"inf";"DE_jug_inf_Wl_2015"
"DE_jug_inf_Wl_2015_2";"1";"DE";"jug";"wl";"A";"2";"2015";"inf";"DE_jug_inf_Wl_2015"
"DE_jug_inf_Wl_2015_3";"1";"DE";"jug";"wl";"A";"3";"2015";"inf";"DE_jug_inf_Wl_2015"
"DE_jug_inf_Wl_2016_1";"2";"DE";"jug";"wl";"D";"1";"2016";"inf";"DE_jug_inf_Wl_2016"
"DE_jug_inf_Wl_2016_2";"2";"DE";"jug";"wl";"D";"2";"2016";"inf";"DE_jug_inf_Wl_2016"
"DE_jug_inf_Wl_2016_3";"2";"DE";"jug";"wl";"D";"3";"2016";"inf";"DE_jug_inf_Wl_2016"
"DE_jug_inf_Wl_2017_1";"3";"DE";"jug";"wl";"F";"1";"2017";"inf";"DE_jug_inf_Wl_2017"
"DE_jug_inf_Wl_2017_2";"3";"DE";"jug";"wl";"F";"2";"2017";"inf";"DE_jug_inf_Wl_2017"
"DE_jug_inf_Wl_2017_3";"3";"DE";"jug";"wl";"F";"3";"2017";"inf";"DE_jug_inf_Wl_2017"
"DE_jug_uni_Endo_2015_1.1";"1";"DE";"jug";"endo";"A";"1.1";"2015";"uni";"DE_jug_uni_Endo_2015"
"DE_jug_uni_Endo_2015_1.2";"1";"DE";"jug";"endo";"J";"1.2";"2015";"uni";"DE_jug_uni_Endo_2015"
"DE_jug_uni_Endo_2015_2.1";"1";"DE";"jug";"endo";"A";"2.1";"2015";"uni";"DE_jug_uni_Endo_2015"
"DE_jug_uni_Endo_2015_2.2";"1";"DE";"jug";"endo";"J";"2.2";"2015";"uni";"DE_jug_uni_Endo_2015"
"DE_jug_uni_Endo_2015_3.1";"1";"DE";"jug";"endo";"A";"3.1";"2015";"uni";"DE_jug_uni_Endo_2015"
"DE_jug_uni_Endo_2015_3.2";"1";"DE";"jug";"endo";"L";"3.2";"2015";"uni";"DE_jug_uni_Endo_2015"
"DE_jug_uni_Endo_2016_1.1";"2";"DE";"jug";"endo";"J";"1.1";"2016";"uni";"DE_jug_uni_Endo_2016"
"DE_jug_uni_Endo_2016_1.2";"2";"DE";"jug";"endo";"M";"1.2";"2016";"uni";"DE_jug_uni_Endo_2016"
"DE_jug_uni_Endo_2016_2.1";"2";"DE";"jug";"endo";"L";"2.1";"2016";"uni";"DE_jug_uni_Endo_2016"
"DE_jug_uni_Endo_2016_2.2";"2";"DE";"jug";"endo";"N";"2.2";"2016";"uni";"DE_jug_uni_Endo_2016"
"DE_jug_uni_Endo_2016_3.1";"2";"DE";"jug";"endo";"L";"3.1";"2016";"uni";"DE_jug_uni_Endo_2016"
"DE_jug_uni_Endo_2016_3.2";"2";"DE";"jug";"endo";"O";"3.2";"2016";"uni";"DE_jug_uni_Endo_2016"
"DE_jug_uni_Endo_2017_1";"3";"DE";"jug";"endo";"F";"1";"2017";"uni";"DE_jug_uni_Endo_2017"
"DE_jug_uni_Endo_2017_2";"3";"DE";"jug";"endo";"F";"2";"2017";"uni";"DE_jug_uni_Endo_2017"
"DE_jug_uni_Endo_2017_3";"3";"DE";"jug";"endo";"F";"3";"2017";"uni";"DE_jug_uni_Endo_2017"
"DE_jug_uni_Wl_2015_1";"1";"DE";"jug";"wl";"A";"1";"2015";"uni";"DE_jug_uni_Wl_2015"
"DE_jug_uni_Wl_2015_2";"1";"DE";"jug";"wl";"A";"2";"2015";"uni";"DE_jug_uni_Wl_2015"
"DE_jug_uni_Wl_2015_3";"1";"DE";"jug";"wl";"A";"3";"2015";"uni";"DE_jug_uni_Wl_2015"
"DE_jug_uni_Wl_2016_1";"2";"DE";"jug";"wl";"D";"1";"2016";"uni";"DE_jug_uni_Wl_2016"
"DE_jug_uni_Wl_2016_2";"2";"DE";"jug";"wl";"D";"2";"2016";"uni";"DE_jug_uni_Wl_2016"
"DE_jug_uni_Wl_2016_3";"2";"DE";"jug";"wl";"D";"3";"2016";"uni";"DE_jug_uni_Wl_2016"
"DE_jug_uni_Wl_2017_1";"3";"DE";"jug";"wl";"F";"1";"2017";"uni";"DE_jug_uni_Wl_2017"
"DE_jug_uni_Wl_2017_2";"3";"DE";"jug";"wl";"F";"2";"2017";"uni";"DE_jug_uni_Wl_2017"
"DE_jug_uni_Wl_2017_3";"3";"DE";"jug";"wl";"F";"3";"2017";"uni";"DE_jug_uni_Wl_2017"
"DE_k6_uni_Endo_2015_1";"1";"DE";"k6";"endo";"I";"1";"2015";"uni";"DE_k6_uni_Endo_2015"
"DE_k6_uni_Endo_2015_2";"1";"DE";"k6";"endo";"L";"2";"2015";"uni";"DE_k6_uni_Endo_2015"
"DE_k6_uni_Endo_2015_3";"1";"DE";"k6";"endo";"N";"3";"2015";"uni";"DE_k6_uni_Endo_2015"
"DE_k6_uni_Endo_2016_1.1";"2";"DE";"k6";"endo";"H";"1.1";"2016";"uni";"DE_k6_uni_Endo_2016"
"DE_k6_uni_Endo_2016_1.2";"2";"DE";"k6";"endo";"N";"1.2";"2016";"uni";"DE_k6_uni_Endo_2016"
"DE_k6_uni_Endo_2016_2.1";"2";"DE";"k6";"endo";"L";"2.1";"2016";"uni";"DE_k6_uni_Endo_2016"
"DE_k6_uni_Endo_2016_2.2";"2";"DE";"k6";"endo";"N";"2.2";"2016";"uni";"DE_k6_uni_Endo_2016"
"DE_k6_uni_Endo_2016_3.1";"2";"DE";"k6";"endo";"L";"3.1";"2016";"uni";"DE_k6_uni_Endo_2016"
"DE_k6_uni_Endo_2016_3.2";"2";"DE";"k6";"endo";"O";"3.2";"2016";"uni";"DE_k6_uni_Endo_2016"
"DE_k6_uni_Endo_2017_1";"3";"DE";"k6";"endo";"G";"1";"2017";"uni";"DE_k6_uni_Endo_2017"
"DE_k6_uni_Endo_2017_2";"3";"DE";"k6";"endo";"G";"2";"2017";"uni";"DE_k6_uni_Endo_2017"
"DE_k6_uni_Endo_2017_3";"3";"DE";"k6";"endo";"G";"3";"2017";"uni";"DE_k6_uni_Endo_2017"
"DE_k6_uni_Wl_2015_1";"1";"DE";"k6";"wl";"E";"1";"2015";"uni";"DE_k6_uni_Wl_2015"
"DE_k6_uni_Wl_2015_2";"1";"DE";"k6";"wl";"E";"2";"2015";"uni";"DE_k6_uni_Wl_2015"
"DE_k6_uni_Wl_2015_3";"1";"DE";"k6";"wl";"E";"3";"2015";"uni";"DE_k6_uni_Wl_2015"
"DE_k6_uni_Wl_2016_1";"2";"DE";"k6";"wl";"E";"1";"2016";"uni";"DE_k6_uni_Wl_2016"
"DE_k6_uni_Wl_2016_2";"2";"DE";"k6";"wl";"E";"2";"2016";"uni";"DE_k6_uni_Wl_2016"
"DE_k6_uni_Wl_2016_3";"2";"DE";"k6";"wl";"E";"3";"2016";"uni";"DE_k6_uni_Wl_2016"
"DE_k6_uni_Wl_2017_1";"3";"DE";"k6";"wl";"G";"1";"2017";"uni";"DE_k6_uni_Wl_2017"
"DE_k6_uni_Wl_2017_2";"3";"DE";"k6";"wl";"G";"2";"2017";"uni";"DE_k6_uni_Wl_2017"
"DE_k6_uni_Wl_2017_3";"3";"DE";"k6";"wl";"G";"3";"2017";"uni";"DE_k6_uni_Wl_2017"
"DE_pfn_uni_Endo_2015_1.1";"1";"DE";"pfn";"endo";"A";"1.1";"2015";"uni";"DE_pfn_uni_Endo_2015"
"DE_pfn_uni_Endo_2015_1.2";"1";"DE";"pfn";"endo";"J";"1.2";"2015";"uni";"DE_pfn_uni_Endo_2015"
"DE_pfn_uni_Endo_2015_2.1";"1";"DE";"pfn";"endo";"A";"2.1";"2015";"uni";"DE_pfn_uni_Endo_2015"
"DE_pfn_uni_Endo_2015_2.2";"1";"DE";"pfn";"endo";"L";"2.2";"2015";"uni";"DE_pfn_uni_Endo_2015"
"DE_pfn_uni_Endo_2015_3.1";"1";"DE";"pfn";"endo";"A";"3.1";"2015";"uni";"DE_pfn_uni_Endo_2015"
"DE_pfn_uni_Endo_2015_3.2";"1";"DE";"pfn";"endo";"M";"3.2";"2015";"uni";"DE_pfn_uni_Endo_2015"
"DE_pfn_uni_Endo_2016_1";"2";"DE";"pfn";"endo";"L";"1";"2016";"uni";"DE_pfn_uni_Endo_2016"
"DE_pfn_uni_Endo_2016_2";"2";"DE";"pfn";"endo";"M";"2";"2016";"uni";"DE_pfn_uni_Endo_2016"
"DE_pfn_uni_Endo_2016_3";"2";"DE";"pfn";"endo";"O";"3";"2016";"uni";"DE_pfn_uni_Endo_2016"
"DE_pfn_uni_Endo_2017_1";"3";"DE";"pfn";"endo";"G";"1";"2017";"uni";"DE_pfn_uni_Endo_2017"
"DE_pfn_uni_Endo_2017_2";"3";"DE";"pfn";"endo";"G";"2";"2017";"uni";"DE_pfn_uni_Endo_2017"
"DE_pfn_uni_Endo_2017_3";"3";"DE";"pfn";"endo";"G";"3";"2017";"uni";"DE_pfn_uni_Endo_2017"
"DE_pfn_uni_Wl_2015_1";"1";"DE";"pfn";"wl";"A";"1";"2015";"uni";"DE_pfn_uni_Wl_2015"
"DE_pfn_uni_Wl_2015_2";"1";"DE";"pfn";"wl";"A";"2";"2015";"uni";"DE_pfn_uni_Wl_2015"
"DE_pfn_uni_Wl_2015_3";"1";"DE";"pfn";"wl";"A";"3";"2015";"uni";"DE_pfn_uni_Wl_2015"
"DE_pfn_uni_Wl_2016_1";"2";"DE";"pfn";"wl";"E";"1";"2016";"uni";"DE_pfn_uni_Wl_2016"
"DE_pfn_uni_Wl_2016_2";"2";"DE";"pfn";"wl";"E";"2";"2016";"uni";"DE_pfn_uni_Wl_2016"
"DE_pfn_uni_Wl_2016_3";"2";"DE";"pfn";"wl";"E";"3";"2016";"uni";"DE_pfn_uni_Wl_2016"
"DE_pfn_uni_Wl_2017_1";"3";"DE";"pfn";"wl";"G";"1";"2017";"uni";"DE_pfn_uni_Wl_2017"
"DE_pfn_uni_Wl_2017_2";"3";"DE";"pfn";"wl";"G";"2";"2017";"uni";"DE_pfn_uni_Wl_2017"
"DE_pfn_uni_Wl_2017_3";"3";"DE";"pfn";"wl";"G";"3";"2017";"uni";"DE_pfn_uni_Wl_2017"
"DE_wh_inf_Endo_2015_1";"1";"DE";"wh";"endo";"L";"1";"2015";"inf";"DE_wh_inf_Endo_2015"
"DE_wh_inf_Endo_2015_2";"1";"DE";"wh";"endo";"M";"2";"2015";"inf";"DE_wh_inf_Endo_2015"
"DE_wh_inf_Endo_2015_3";"1";"DE";"wh";"endo";"N";"3";"2015";"inf";"DE_wh_inf_Endo_2015"
"DE_wh_inf_Endo_2016_1";"2";"DE";"wh";"endo";"H";"1";"2016";"inf";"DE_wh_inf_Endo_2016"
"DE_wh_inf_Endo_2016_2";"2";"DE";"wh";"endo";"I";"2";"2016";"inf";"DE_wh_inf_Endo_2016"
"DE_wh_inf_Endo_2016_3";"2";"DE";"wh";"endo";"J";"3";"2016";"inf";"DE_wh_inf_Endo_2016"
"DE_wh_inf_Endo_2017_1";"3";"DE";"wh";"endo";"F";"1";"2017";"inf";"DE_wh_inf_Endo_2017"
"DE_wh_inf_Endo_2017_2";"3";"DE";"wh";"endo";"F";"2";"2017";"inf";"DE_wh_inf_Endo_2017"
"DE_wh_inf_Endo_2017_3";"3";"DE";"wh";"endo";"F";"3";"2017";"inf";"DE_wh_inf_Endo_2017"
"DE_wh_inf_Wl_2015_1";"1";"DE";"wh";"wl";"A";"1";"2015";"inf";"DE_wh_inf_Wl_2015"
"DE_wh_inf_Wl_2015_2";"1";"DE";"wh";"wl";"A";"2";"2015";"inf";"DE_wh_inf_Wl_2015"
"DE_wh_inf_Wl_2015_3";"1";"DE";"wh";"wl";"A";"3";"2015";"inf";"DE_wh_inf_Wl_2015"
"DE_wh_inf_Wl_2016_1";"2";"DE";"wh";"wl";"D";"1";"2016";"inf";"DE_wh_inf_Wl_2016"
"DE_wh_inf_Wl_2016_2";"2";"DE";"wh";"wl";"D";"2";"2016";"inf";"DE_wh_inf_Wl_2016"
"DE_wh_inf_Wl_2016_3";"2";"DE";"wh";"wl";"D";"3";"2016";"inf";"DE_wh_inf_Wl_2016"
"DE_wh_inf_Wl_2017_1";"3";"DE";"wh";"wl";"F";"1";"2017";"inf";"DE_wh_inf_Wl_2017"
"DE_wh_inf_Wl_2017_2";"3";"DE";"wh";"wl";"F";"2";"2017";"inf";"DE_wh_inf_Wl_2017"
"DE_wh_inf_Wl_2017_3";"3";"DE";"wh";"wl";"F";"3";"2017";"inf";"DE_wh_inf_Wl_2017"
"DE_wh_uni_Endo_2015_1.1";"1";"DE";"wh";"endo";"A";"1.1";"2015";"uni";"DE_wh_uni_Endo_2015"
"DE_wh_uni_Endo_2015_1.2";"1";"DE";"wh";"endo";"H";"1.2";"2015";"uni";"DE_wh_uni_Endo_2015"
"DE_wh_uni_Endo_2015_2.1";"1";"DE";"wh";"endo";"A";"2.1";"2015";"uni";"DE_wh_uni_Endo_2015"
"DE_wh_uni_Endo_2015_2.2";"1";"DE";"wh";"endo";"N";"2.2";"2015";"uni";"DE_wh_uni_Endo_2015"
"DE_wh_uni_Endo_2015_3.1";"1";"DE";"wh";"endo";"A";"3.1";"2015";"uni";"DE_wh_uni_Endo_2015"
"DE_wh_uni_Endo_2015_3.2";"1";"DE";"wh";"endo";"N";"3.2";"2015";"uni";"DE_wh_uni_Endo_2015"
"DE_wh_uni_Endo_2016_1";"2";"DE";"wh";"endo";"I";"1";"2016";"uni";"DE_wh_uni_Endo_2016"
"DE_wh_uni_Endo_2016_2";"2";"DE";"wh";"endo";"K";"2";"2016";"uni";"DE_wh_uni_Endo_2016"
"DE_wh_uni_Endo_2016_3";"2";"DE";"wh";"endo";"O";"3";"2016";"uni";"DE_wh_uni_Endo_2016"
"DE_wh_uni_Endo_2017_1";"3";"DE";"wh";"endo";"F";"1";"2017";"uni";"DE_wh_uni_Endo_2017"
"DE_wh_uni_Endo_2017_2";"3";"DE";"wh";"endo";"F";"2";"2017";"uni";"DE_wh_uni_Endo_2017"
"DE_wh_uni_Endo_2017_3";"3";"DE";"wh";"endo";"F";"3";"2017";"uni";"DE_wh_uni_Endo_2017"
"DE_wh_uni_Wl_2016_1";"2";"DE";"wh";"wl";"D";"1";"2016";"uni";"DE_wh_uni_Wl_2016"
"DE_wh_uni_Wl_2016_2";"2";"DE";"wh";"wl";"D";"2";"2016";"uni";"DE_wh_uni_Wl_2016"
"DE_wh_uni_Wl_2016_3";"2";"DE";"wh";"wl";"D";"3";"2016";"uni";"DE_wh_uni_Wl_2016"
"DE_wh_uni_Wl_2017_1";"3";"DE";"wh";"wl";"F";"1";"2017";"uni";"DE_wh_uni_Wl_2017"
"DE_wh_uni_Wl_2017_2";"3";"DE";"wh";"wl";"F";"2";"2017";"uni";"DE_wh_uni_Wl_2017"
"DE_wh_uni_Wl_2017_3";"3";"DE";"wh";"wl";"F";"3";"2017";"uni";"DE_wh_uni_Wl_2017"
"ES_cdc_inf_Endo_2015_1";"1";"ES";"cdc";"endo";"B";"1";"2015";"inf";"ES_cdc_inf_Endo_2015"
"ES_cdc_inf_Endo_2015_2";"1";"ES";"cdc";"endo";"B";"2";"2015";"inf";"ES_cdc_inf_Endo_2015"
"ES_cdc_inf_Endo_2015_3";"1";"ES";"cdc";"endo";"B";"3";"2015";"inf";"ES_cdc_inf_Endo_2015"
"ES_cdc_inf_Endo_2016_1";"2";"ES";"cdc";"endo";"C";"1";"2016";"inf";"ES_cdc_inf_Endo_2016"
"ES_cdc_inf_Endo_2016_2";"2";"ES";"cdc";"endo";"C";"2";"2016";"inf";"ES_cdc_inf_Endo_2016"
"ES_cdc_inf_Endo_2016_3";"2";"ES";"cdc";"endo";"C";"3";"2016";"inf";"ES_cdc_inf_Endo_2016"
"ES_cdc_inf_Endo_2017_1";"3";"ES";"cdc";"endo";"D";"1";"2017";"inf";"ES_cdc_inf_Endo_2017"
"ES_cdc_inf_Endo_2017_2";"3";"ES";"cdc";"endo";"D";"2";"2017";"inf";"ES_cdc_inf_Endo_2017"
"ES_cdc_inf_Endo_2017_3";"3";"ES";"cdc";"endo";"D";"3";"2017";"inf";"ES_cdc_inf_Endo_2017"
"ES_cdc_inf_Wl_2015_1";"1";"ES";"cdc";"wl";"B";"1";"2015";"inf";"ES_cdc_inf_Wl_2015"
"ES_cdc_inf_Wl_2015_2";"1";"ES";"cdc";"wl";"B";"2";"2015";"inf";"ES_cdc_inf_Wl_2015"
"ES_cdc_inf_Wl_2015_3";"1";"ES";"cdc";"wl";"B";"3";"2015";"inf";"ES_cdc_inf_Wl_2015"
"ES_cdc_inf_Wl_2016_1";"2";"ES";"cdc";"wl";"C";"1";"2016";"inf";"ES_cdc_inf_Wl_2016"
"ES_cdc_inf_Wl_2016_2";"2";"ES";"cdc";"wl";"C";"2";"2016";"inf";"ES_cdc_inf_Wl_2016"
"ES_cdc_inf_Wl_2016_3";"2";"ES";"cdc";"wl";"C";"3";"2016";"inf";"ES_cdc_inf_Wl_2016"
"ES_cdc_inf_Wl_2017_1";"3";"ES";"cdc";"wl";"D";"1";"2017";"inf";"ES_cdc_inf_Wl_2017"
"ES_cdc_inf_Wl_2017_2";"3";"ES";"cdc";"wl";"D";"2";"2017";"inf";"ES_cdc_inf_Wl_2017"
"ES_cdc_inf_Wl_2017_3";"3";"ES";"cdc";"wl";"D";"3";"2017";"inf";"ES_cdc_inf_Wl_2017"
"ES_cdc_uni_Endo_2015_1";"1";"ES";"cdc";"endo";"B";"1";"2015";"uni";"ES_cdc_uni_Endo_2015"
"ES_cdc_uni_Endo_2015_2";"1";"ES";"cdc";"endo";"B";"2";"2015";"uni";"ES_cdc_uni_Endo_2015"
"ES_cdc_uni_Endo_2015_3";"1";"ES";"cdc";"endo";"B";"3";"2015";"uni";"ES_cdc_uni_Endo_2015"
"ES_cdc_uni_Endo_2016_1";"2";"ES";"cdc";"endo";"C";"1";"2016";"uni";"ES_cdc_uni_Endo_2016"
"ES_cdc_uni_Endo_2016_2";"2";"ES";"cdc";"endo";"C";"2";"2016";"uni";"ES_cdc_uni_Endo_2016"
"ES_cdc_uni_Endo_2016_3";"2";"ES";"cdc";"endo";"C";"3";"2016";"uni";"ES_cdc_uni_Endo_2016"
"ES_cdc_uni_Endo_2017_1";"3";"ES";"cdc";"endo";"D";"1";"2017";"uni";"ES_cdc_uni_Endo_2017"
"ES_cdc_uni_Endo_2017_2";"3";"ES";"cdc";"endo";"D";"2";"2017";"uni";"ES_cdc_uni_Endo_2017"
"ES_cdc_uni_Endo_2017_3";"3";"ES";"cdc";"endo";"D";"3";"2017";"uni";"ES_cdc_uni_Endo_2017"
"ES_cdc_uni_Wl_2015_1";"1";"ES";"cdc";"wl";"B";"1";"2015";"uni";"ES_cdc_uni_Wl_2015"
"ES_cdc_uni_Wl_2015_2";"1";"ES";"cdc";"wl";"B";"2";"2015";"uni";"ES_cdc_uni_Wl_2015"
"ES_cdc_uni_Wl_2015_3";"1";"ES";"cdc";"wl";"B";"3";"2015";"uni";"ES_cdc_uni_Wl_2015"
"ES_cdc_uni_Wl_2016_1";"2";"ES";"cdc";"wl";"C";"1";"2016";"uni";"ES_cdc_uni_Wl_2016"
"ES_cdc_uni_Wl_2016_2";"2";"ES";"cdc";"wl";"C";"2";"2016";"uni";"ES_cdc_uni_Wl_2016"
"ES_cdc_uni_Wl_2016_3";"2";"ES";"cdc";"wl";"C";"3";"2016";"uni";"ES_cdc_uni_Wl_2016"
"ES_cdc_uni_Wl_2017_1";"3";"ES";"cdc";"wl";"D";"1";"2017";"uni";"ES_cdc_uni_Wl_2017"
"ES_cdc_uni_Wl_2017_2";"3";"ES";"cdc";"wl";"D";"2";"2017";"uni";"ES_cdc_uni_Wl_2017"
"ES_cdc_uni_Wl_2017_3";"3";"ES";"cdc";"wl";"D";"3";"2017";"uni";"ES_cdc_uni_Wl_2017"
"ES_mar_uni_Endo_2015_1";"1";"ES";"mar";"endo";"B";"1";"2015";"uni";"ES_mar_uni_Endo_2015"
"ES_mar_uni_Endo_2015_2";"1";"ES";"mar";"endo";"B";"2";"2015";"uni";"ES_mar_uni_Endo_2015"
"ES_mar_uni_Endo_2015_3";"1";"ES";"mar";"endo";"B";"3";"2015";"uni";"ES_mar_uni_Endo_2015"
"ES_mar_uni_Endo_2016_1";"2";"ES";"mar";"endo";"C";"1";"2016";"uni";"ES_mar_uni_Endo_2016"
"ES_mar_uni_Endo_2016_2";"2";"ES";"mar";"endo";"C";"2";"2016";"uni";"ES_mar_uni_Endo_2016"
"ES_mar_uni_Endo_2016_3";"2";"ES";"mar";"endo";"C";"3";"2016";"uni";"ES_mar_uni_Endo_2016"
"ES_mar_uni_Wl_2015_1";"1";"ES";"mar";"wl";"B";"1";"2015";"uni";"ES_mar_uni_Wl_2015"
"ES_mar_uni_Wl_2015_2";"1";"ES";"mar";"wl";"B";"2";"2015";"uni";"ES_mar_uni_Wl_2015"
"ES_mar_uni_Wl_2015_3";"1";"ES";"mar";"wl";"B";"3";"2015";"uni";"ES_mar_uni_Wl_2015"
"ES_mar_uni_Wl_2016_1";"2";"ES";"mar";"wl";"C";"1";"2016";"uni";"ES_mar_uni_Wl_2016"
"ES_mar_uni_Wl_2016_2";"2";"ES";"mar";"wl";"C";"2";"2016";"uni";"ES_mar_uni_Wl_2016"
"ES_mar_uni_Wl_2016_3";"2";"ES";"mar";"wl";"C";"3";"2016";"uni";"ES_mar_uni_Wl_2016"
"ES_sly_uni_Endo_2015_1";"1";"ES";"sly";"endo";"B";"1";"2015";"uni";"ES_sly_uni_Endo_2015"
"ES_sly_uni_Endo_2015_2";"1";"ES";"sly";"endo";"B";"2";"2015";"uni";"ES_sly_uni_Endo_2015"
"ES_sly_uni_Endo_2015_3";"1";"ES";"sly";"endo";"B";"3";"2015";"uni";"ES_sly_uni_Endo_2015"
"ES_sly_uni_Endo_2016_1";"2";"ES";"sly";"endo";"C";"1";"2016";"uni";"ES_sly_uni_Endo_2016"
"ES_sly_uni_Endo_2016_2";"2";"ES";"sly";"endo";"C";"2";"2016";"uni";"ES_sly_uni_Endo_2016"
"ES_sly_uni_Endo_2016_3";"2";"ES";"sly";"endo";"C";"3";"2016";"uni";"ES_sly_uni_Endo_2016"
"ES_sly_uni_Endo_2017_1";"3";"ES";"sly";"endo";"E";"1";"2017";"uni";"ES_sly_uni_Endo_2017"
"ES_sly_uni_Endo_2017_2";"3";"ES";"sly";"endo";"E";"2";"2017";"uni";"ES_sly_uni_Endo_2017"
"ES_sly_uni_Endo_2017_3";"3";"ES";"sly";"endo";"E";"3";"2017";"uni";"ES_sly_uni_Endo_2017"
"ES_sly_uni_Wl_2015_1";"1";"ES";"sly";"wl";"B";"1";"2015";"uni";"ES_sly_uni_Wl_2015"
"ES_sly_uni_Wl_2015_2";"1";"ES";"sly";"wl";"B";"2";"2015";"uni";"ES_sly_uni_Wl_2015"
"ES_sly_uni_Wl_2015_3";"1";"ES";"sly";"wl";"B";"3";"2015";"uni";"ES_sly_uni_Wl_2015"
"ES_sly_uni_Wl_2016_1";"2";"ES";"sly";"wl";"C";"1";"2016";"uni";"ES_sly_uni_Wl_2016"
"ES_sly_uni_Wl_2016_2";"2";"ES";"sly";"wl";"C";"2";"2016";"uni";"ES_sly_uni_Wl_2016"
"ES_sly_uni_Wl_2016_3";"2";"ES";"sly";"wl";"C";"3";"2016";"uni";"ES_sly_uni_Wl_2016"
"ES_sly_uni_Wl_2017_1";"3";"ES";"sly";"wl";"E";"1";"2017";"uni";"ES_sly_uni_Wl_2017"
"ES_sly_uni_Wl_2017_2";"3";"ES";"sly";"wl";"E";"2";"2017";"uni";"ES_sly_uni_Wl_2017"
"ES_sly_uni_Wl_2017_3";"3";"ES";"sly";"wl";"E";"3";"2017";"uni";"ES_sly_uni_Wl_2017"
"ES_to_uni_Endo_2017_1";"3";"ES";"to";"endo";"E";"1";"2017";"uni";"ES_to_uni_Endo_2017"
"ES_to_uni_Endo_2017_2";"3";"ES";"to";"endo";"E";"2";"2017";"uni";"ES_to_uni_Endo_2017"
"ES_to_uni_Endo_2017_3";"3";"ES";"to";"endo";"E";"3";"2017";"uni";"ES_to_uni_Endo_2017"
"ES_to_uni_Wl_2017_1";"3";"ES";"to";"wl";"E";"1";"2017";"uni";"ES_to_uni_Wl_2017"
"ES_to_uni_Wl_2017_2";"3";"ES";"to";"wl";"E";"2";"2017";"uni";"ES_to_uni_Wl_2017"
"ES_to_uni_Wl_2017_3";"3";"ES";"to";"wl";"E";"3";"2017";"uni";"ES_to_uni_Wl_2017"
"FR_ch_uni_Endo_2015_1";"1";"FR";"ch";"endo";"E";"1";"2015";"uni";"FR_ch_uni_Endo_2015"
"FR_ch_uni_Endo_2015_2";"1";"FR";"ch";"endo";"E";"2";"2015";"uni";"FR_ch_uni_Endo_2015"
"FR_ch_uni_Endo_2015_3";"1";"FR";"ch";"endo";"E";"3";"2015";"uni";"FR_ch_uni_Endo_2015"
"FR_ch_uni_Wl_2015_1";"1";"FR";"ch";"wl";"D";"1";"2015";"uni";"FR_ch_uni_Wl_2015"
"FR_ch_uni_Wl_2015_2";"1";"FR";"ch";"wl";"D";"2";"2015";"uni";"FR_ch_uni_Wl_2015"
"FR_ch_uni_Wl_2015_3";"1";"FR";"ch";"wl";"D";"3";"2015";"uni";"FR_ch_uni_Wl_2015"
"FR_la_inf_Endo_2015_1";"1";"FR";"la";"endo";"E";"1";"2015";"inf";"FR_la_inf_Endo_2015"
"FR_la_inf_Endo_2015_2";"1";"FR";"la";"endo";"E";"2";"2015";"inf";"FR_la_inf_Endo_2015"
"FR_la_inf_Endo_2015_3";"1";"FR";"la";"endo";"E";"3";"2015";"inf";"FR_la_inf_Endo_2015"
"FR_la_inf_Endo_2017_1";"3";"FR";"la";"endo";"G";"1";"2017";"inf";"FR_la_inf_Endo_2017"
"FR_la_inf_Endo_2017_2";"3";"FR";"la";"endo";"G";"2";"2017";"inf";"FR_la_inf_Endo_2017"
"FR_la_inf_Endo_2017_3";"3";"FR";"la";"endo";"G";"3";"2017";"inf";"FR_la_inf_Endo_2017"
"FR_la_inf_Wl_2015_1";"1";"FR";"la";"wl";"D";"1";"2015";"inf";"FR_la_inf_Wl_2015"
"FR_la_inf_Wl_2015_2";"1";"FR";"la";"wl";"D";"2";"2015";"inf";"FR_la_inf_Wl_2015"
"FR_la_inf_Wl_2015_3";"1";"FR";"la";"wl";"D";"3";"2015";"inf";"FR_la_inf_Wl_2015"
"FR_la_inf_Wl_2017_1";"3";"FR";"la";"wl";"G";"1";"2017";"inf";"FR_la_inf_Wl_2017"
"FR_la_inf_Wl_2017_2";"3";"FR";"la";"wl";"G";"2";"2017";"inf";"FR_la_inf_Wl_2017"
"FR_la_inf_Wl_2017_3";"3";"FR";"la";"wl";"G";"3";"2017";"inf";"FR_la_inf_Wl_2017"
"FR_la_uni_Endo_2015_1";"1";"FR";"la";"endo";"B";"1";"2015";"uni";"FR_la_uni_Endo_2015"
"FR_la_uni_Endo_2015_2";"1";"FR";"la";"endo";"B";"2";"2015";"uni";"FR_la_uni_Endo_2015"
"FR_la_uni_Endo_2015_3";"1";"FR";"la";"endo";"B";"3";"2015";"uni";"FR_la_uni_Endo_2015"
"FR_la_uni_Endo_2017_1";"3";"FR";"la";"endo";"G";"1";"2017";"uni";"FR_la_uni_Endo_2017"
"FR_la_uni_Endo_2017_2";"3";"FR";"la";"endo";"G";"2";"2017";"uni";"FR_la_uni_Endo_2017"
"FR_la_uni_Endo_2017_3";"3";"FR";"la";"endo";"G";"3";"2017";"uni";"FR_la_uni_Endo_2017"
"FR_la_uni_Wl_2017_1";"3";"FR";"la";"wl";"G";"1";"2017";"uni";"FR_la_uni_Wl_2017"
"FR_la_uni_Wl_2017_2";"3";"FR";"la";"wl";"G";"2";"2017";"uni";"FR_la_uni_Wl_2017"
"FR_la_uni_Wl_2017_3";"3";"FR";"la";"wl";"G";"3";"2017";"uni";"FR_la_uni_Wl_2017"
"FR_la_uni_wl_2015_1";"1";"FR";"la";"wl";"B";"1";"2015";"uni";"FR_la_uni_wl_2015"
"FR_la_uni_wl_2015_2";"1";"FR";"la";"wl";"B";"2";"2015";"uni";"FR_la_uni_wl_2015"
"FR_la_uni_wl_2015_3";"1";"FR";"la";"wl";"B";"3";"2015";"uni";"FR_la_uni_wl_2015"
"SE_kfa_uni_Endo_2015_1";"1";"SE";"kfa";"endo";"B";"1";"2015";"uni";"SE_kfa_uni_Endo_2015"
"SE_kfa_uni_Endo_2015_2";"1";"SE";"kfa";"endo";"B";"2";"2015";"uni";"SE_kfa_uni_Endo_2015"
"SE_kfa_uni_Endo_2015_3";"1";"SE";"kfa";"endo";"B";"3";"2015";"uni";"SE_kfa_uni_Endo_2015"
"SE_kfa_uni_Endo_2016_1";"2";"SE";"kfa";"endo";"D";"1";"2016";"uni";"SE_kfa_uni_Endo_2016"
"SE_kfa_uni_Endo_2016_2";"2";"SE";"kfa";"endo";"D";"2";"2016";"uni";"SE_kfa_uni_Endo_2016"
"SE_kfa_uni_Endo_2016_3";"2";"SE";"kfa";"endo";"D";"3";"2016";"uni";"SE_kfa_uni_Endo_2016"
"SE_kfa_uni_Endo_2017_1";"3";"SE";"kfa";"endo";"F";"1";"2017";"uni";"SE_kfa_uni_Endo_2017"
"SE_kfa_uni_Endo_2017_2";"3";"SE";"kfa";"endo";"F";"2";"2017";"uni";"SE_kfa_uni_Endo_2017"
"SE_kfa_uni_Endo_2017_3";"3";"SE";"kfa";"endo";"F";"3";"2017";"uni";"SE_kfa_uni_Endo_2017"
"SE_kfa_uni_Wl_2015_1";"1";"SE";"kfa";"wl";"B";"1";"2015";"uni";"SE_kfa_uni_Wl_2015"
"SE_kfa_uni_Wl_2015_2";"1";"SE";"kfa";"wl";"B";"2";"2015";"uni";"SE_kfa_uni_Wl_2015"
"SE_kfa_uni_Wl_2015_3";"1";"SE";"kfa";"wl";"B";"3";"2015";"uni";"SE_kfa_uni_Wl_2015"
"SE_kfa_uni_Wl_2016_1";"2";"SE";"kfa";"wl";"D";"1";"2016";"uni";"SE_kfa_uni_Wl_2016"
"SE_kfa_uni_Wl_2016_2";"2";"SE";"kfa";"wl";"D";"2";"2016";"uni";"SE_kfa_uni_Wl_2016"
"SE_kfa_uni_Wl_2016_3";"2";"SE";"kfa";"wl";"D";"3";"2016";"uni";"SE_kfa_uni_Wl_2016"
"SE_kfa_uni_Wl_2017_1";"3";"SE";"kfa";"wl";"F";"1";"2017";"uni";"SE_kfa_uni_Wl_2017"
"SE_kfa_uni_Wl_2017_2";"3";"SE";"kfa";"wl";"F";"2";"2017";"uni";"SE_kfa_uni_Wl_2017"
"SE_kfa_uni_Wl_2017_3";"3";"SE";"kfa";"wl";"F";"3";"2017";"uni";"SE_kfa_uni_Wl_2017"
"SE_kfb_uni_Endo_2015_1";"1";"SE";"kfb";"endo";"B";"1";"2015";"uni";"SE_kfb_uni_Endo_2015"
"SE_kfb_uni_Endo_2015_2";"1";"SE";"kfb";"endo";"B";"2";"2015";"uni";"SE_kfb_uni_Endo_2015"
"SE_kfb_uni_Endo_2015_3";"1";"SE";"kfb";"endo";"B";"3";"2015";"uni";"SE_kfb_uni_Endo_2015"
"SE_kfb_uni_Endo_2016_1";"2";"SE";"kfb";"endo";"D";"1";"2016";"uni";"SE_kfb_uni_Endo_2016"
"SE_kfb_uni_Endo_2016_2";"2";"SE";"kfb";"endo";"D";"2";"2016";"uni";"SE_kfb_uni_Endo_2016"
"SE_kfb_uni_Endo_2016_3";"2";"SE";"kfb";"endo";"D";"3";"2016";"uni";"SE_kfb_uni_Endo_2016"
"SE_kfb_uni_Endo_2017_1";"3";"SE";"kfb";"endo";"F";"1";"2017";"uni";"SE_kfb_uni_Endo_2017"
"SE_kfb_uni_Endo_2017_2";"3";"SE";"kfb";"endo";"F";"2";"2017";"uni";"SE_kfb_uni_Endo_2017"
"SE_kfb_uni_Endo_2017_3";"3";"SE";"kfb";"endo";"F";"3";"2017";"uni";"SE_kfb_uni_Endo_2017"
"SE_kfb_uni_Wl_2015_1";"1";"SE";"kfb";"wl";"B";"1";"2015";"uni";"SE_kfb_uni_Wl_2015"
"SE_kfb_uni_Wl_2015_2";"1";"SE";"kfb";"wl";"B";"2";"2015";"uni";"SE_kfb_uni_Wl_2015"
"SE_kfb_uni_Wl_2015_3";"1";"SE";"kfb";"wl";"B";"3";"2015";"uni";"SE_kfb_uni_Wl_2015"
"SE_kfb_uni_Wl_2016_1";"2";"SE";"kfb";"wl";"D";"1";"2016";"uni";"SE_kfb_uni_Wl_2016"
"SE_kfb_uni_Wl_2016_2";"2";"SE";"kfb";"wl";"D";"2";"2016";"uni";"SE_kfb_uni_Wl_2016"
"SE_kfb_uni_Wl_2016_3";"2";"SE";"kfb";"wl";"D";"3";"2016";"uni";"SE_kfb_uni_Wl_2016"
"SE_kfb_uni_Wl_2017_1";"3";"SE";"kfb";"wl";"F";"1";"2017";"uni";"SE_kfb_uni_Wl_2017"
"SE_kfb_uni_Wl_2017_2";"3";"SE";"kfb";"wl";"F";"2";"2017";"uni";"SE_kfb_uni_Wl_2017"
"SE_kfc_uni_Endo_2015_1";"1";"SE";"kfc";"endo";"B";"1";"2015";"uni";"SE_kfc_uni_Endo_2015"
"SE_kfc_uni_Endo_2015_2";"1";"SE";"kfc";"endo";"B";"2";"2015";"uni";"SE_kfc_uni_Endo_2015"
"SE_kfc_uni_Endo_2015_3";"1";"SE";"kfc";"endo";"B";"3";"2015";"uni";"SE_kfc_uni_Endo_2015"
"SE_kfc_uni_Endo_2016_1";"2";"SE";"kfc";"endo";"E";"1";"2016";"uni";"SE_kfc_uni_Endo_2016"
"SE_kfc_uni_Endo_2016_2";"2";"SE";"kfc";"endo";"E";"2";"2016";"uni";"SE_kfc_uni_Endo_2016"
"SE_kfc_uni_Endo_2016_3";"2";"SE";"kfc";"endo";"E";"3";"2016";"uni";"SE_kfc_uni_Endo_2016"
"SE_kfc_uni_Endo_2017_1";"3";"SE";"kfc";"endo";"F";"1";"2017";"uni";"SE_kfc_uni_Endo_2017"
"SE_kfc_uni_Endo_2017_2";"3";"SE";"kfc";"endo";"F";"2";"2017";"uni";"SE_kfc_uni_Endo_2017"
"SE_kfc_uni_Endo_2017_3";"3";"SE";"kfc";"endo";"F";"3";"2017";"uni";"SE_kfc_uni_Endo_2017"
"SE_kfc_uni_Wl_2015_1";"1";"SE";"kfc";"wl";"B";"1";"2015";"uni";"SE_kfc_uni_Wl_2015"
"SE_kfc_uni_Wl_2015_2";"1";"SE";"kfc";"wl";"B";"2";"2015";"uni";"SE_kfc_uni_Wl_2015"
"SE_kfc_uni_Wl_2015_3";"1";"SE";"kfc";"wl";"B";"3";"2015";"uni";"SE_kfc_uni_Wl_2015"
"SE_kfc_uni_Wl_2016_1";"2";"SE";"kfc";"wl";"E";"1";"2016";"uni";"SE_kfc_uni_Wl_2016"
"SE_kfc_uni_Wl_2016_2";"2";"SE";"kfc";"wl";"E";"2";"2016";"uni";"SE_kfc_uni_Wl_2016"
"SE_kfc_uni_Wl_2016_3";"2";"SE";"kfc";"wl";"E";"3";"2016";"uni";"SE_kfc_uni_Wl_2016"
"SE_kfc_uni_Wl_2017_1";"3";"SE";"kfc";"wl";"F";"1";"2017";"uni";"SE_kfc_uni_Wl_2017"
"SE_kfc_uni_Wl_2017_2";"3";"SE";"kfc";"wl";"F";"2";"2017";"uni";"SE_kfc_uni_Wl_2017"
"SE_kfc_uni_Wl_2017_3";"3";"SE";"kfc";"wl";"F";"3";"2017";"uni";"SE_kfc_uni_Wl_2017"
"SE_upp_uni_Endo_2015_1";"1";"SE";"upp";"endo";"G";"1";"2015";"uni";"SE_upp_uni_Endo_2015"
"SE_upp_uni_Endo_2015_2";"1";"SE";"upp";"endo";"G";"2";"2015";"uni";"SE_upp_uni_Endo_2015"
"SE_upp_uni_Endo_2015_3";"1";"SE";"upp";"endo";"G";"3";"2015";"uni";"SE_upp_uni_Endo_2015"
"SE_upp_uni_Endo_2016_1";"2";"SE";"upp";"endo";"G";"1";"2016";"uni";"SE_upp_uni_Endo_2016"
"SE_upp_uni_Endo_2016_2";"2";"SE";"upp";"endo";"G";"2";"2016";"uni";"SE_upp_uni_Endo_2016"
"SE_upp_uni_Endo_2016_3";"2";"SE";"upp";"endo";"G";"3";"2016";"uni";"SE_upp_uni_Endo_2016"
"SE_upp_uni_Endo_2017_1";"3";"SE";"upp";"endo";"F";"1";"2017";"uni";"SE_upp_uni_Endo_2017"
"SE_upp_uni_Endo_2017_2";"3";"SE";"upp";"endo";"F";"2";"2017";"uni";"SE_upp_uni_Endo_2017"
"SE_upp_uni_Endo_2017_3";"3";"SE";"upp";"endo";"F";"3";"2017";"uni";"SE_upp_uni_Endo_2017"
"SE_upp_uni_Wl_2015_1";"1";"SE";"upp";"wl";"G";"1";"2015";"uni";"SE_upp_uni_Wl_2015"
"SE_upp_uni_Wl_2016_1";"2";"SE";"upp";"wl";"G";"1";"2016";"uni";"SE_upp_uni_Wl_2016"
"SE_upp_uni_Wl_2016_2";"2";"SE";"upp";"wl";"G";"2";"2016";"uni";"SE_upp_uni_Wl_2016"
"SE_upp_uni_Wl_2016_3";"2";"SE";"upp";"wl";"G";"3";"2016";"uni";"SE_upp_uni_Wl_2016"
"SE_upp_uni_Wl_2017_1";"3";"SE";"upp";"wl";"F";"1";"2017";"uni";"SE_upp_uni_Wl_2017"
"SE_upp_uni_Wl_2017_2";"3";"SE";"upp";"wl";"F";"2";"2017";"uni";"SE_upp_uni_Wl_2017"
"SE_upp_uni_Wl_2017_3";"3";"SE";"upp";"wl";"F";"3";"2017";"uni";"SE_upp_uni_Wl_2017"
