Cor,CorrType,EdgeBetweenness,interaction,Pvalue,selected,shared interaction,shared name,partner1,partner2,Source,Target,a_d_interaction
-0.2136,Negative,15.092036355647547,interacts with,0.013,False,interacts with,007761694cceb108c141cce8750b23b5_fungi (interacts with) 6b8c4022aecbbb83eeb5c79d9997ba1f_bacteria,007761694cceb108c141cce8750b23b5_fungi,6b8c4022aecbbb83eeb5c79d9997ba1f_bacteria,0073,0002,0
-0.1893,Negative,11.060414958557136,interacts with,0.042,False,interacts with,cc72eaa86c2be573136acdf59cda9fc3_oomycete (interacts with) 6b8c4022aecbbb83eeb5c79d9997ba1f_bacteria,cc72eaa86c2be573136acdf59cda9fc3_oomycete,6b8c4022aecbbb83eeb5c79d9997ba1f_bacteria,0083,0002,0
0.3514,Positive,10.370382347773356,interacts with,0.001,False,interacts with,fa5d2b7bc448a32fa9ec8262e24231be_eukaryote (interacts with) 6b8c4022aecbbb83eeb5c79d9997ba1f_bacteria,fa5d2b7bc448a32fa9ec8262e24231be_eukaryote,6b8c4022aecbbb83eeb5c79d9997ba1f_bacteria,0093,0002,0
0.1933,Positive,16.551084747028337,interacts with,0.022,False,interacts with,5a7fabdfc2b1915ca336712e300eb727_eukaryote (interacts with) c2ff2968fc5eb368695f90ee12c20b86_bacteria,5a7fabdfc2b1915ca336712e300eb727_eukaryote,c2ff2968fc5eb368695f90ee12c20b86_bacteria,0127,0001,0
0.1862,Positive,14.04136264801177,interacts with,0.029,False,interacts with,fa5d2b7bc448a32fa9ec8262e24231be_eukaryote (interacts with) c2ff2968fc5eb368695f90ee12c20b86_bacteria,fa5d2b7bc448a32fa9ec8262e24231be_eukaryote,c2ff2968fc5eb368695f90ee12c20b86_bacteria,0093,0001,0
0.1711,Positive,13.63696786165127,interacts with,0.045,False,interacts with,fa5d2b7bc448a32fa9ec8262e24231be_eukaryote (interacts with) 8a9c84e7a7a0bbd8676a92d4435fe8a4_bacteria,fa5d2b7bc448a32fa9ec8262e24231be_eukaryote,8a9c84e7a7a0bbd8676a92d4435fe8a4_bacteria,0093,0003,0
-0.1864,Negative,13.45186808492328,interacts with,0.033,False,interacts with,007761694cceb108c141cce8750b23b5_fungi (interacts with) 6025a8d68dfe9ed561f3501b70ef5274_bacteria,007761694cceb108c141cce8750b23b5_fungi,6025a8d68dfe9ed561f3501b70ef5274_bacteria,0073,0004,0
-0.2033,Negative,13.489602194301376,interacts with,0.006,False,interacts with,08abdffc486630512a1123f8c3bdc96c_fungi (interacts with) 6025a8d68dfe9ed561f3501b70ef5274_bacteria,08abdffc486630512a1123f8c3bdc96c_fungi,6025a8d68dfe9ed561f3501b70ef5274_bacteria,0176,0004,0
-0.1908,Negative,11.445543804649809,interacts with,0.032,False,interacts with,cc72eaa86c2be573136acdf59cda9fc3_oomycete (interacts with) 6025a8d68dfe9ed561f3501b70ef5274_bacteria,cc72eaa86c2be573136acdf59cda9fc3_oomycete,6025a8d68dfe9ed561f3501b70ef5274_bacteria,0083,0004,0
-0.1756,Negative,14.228624975400866,interacts with,0.031,False,interacts with,5a7fabdfc2b1915ca336712e300eb727_eukaryote (interacts with) 6025a8d68dfe9ed561f3501b70ef5274_bacteria,5a7fabdfc2b1915ca336712e300eb727_eukaryote,6025a8d68dfe9ed561f3501b70ef5274_bacteria,0127,0004,0
0.1821,Positive,13.476206850197125,interacts with,0.039,False,interacts with,cc72eaa86c2be573136acdf59cda9fc3_oomycete (interacts with) 871638cacece191a60d3f3fe9407c592_bacteria,cc72eaa86c2be573136acdf59cda9fc3_oomycete,871638cacece191a60d3f3fe9407c592_bacteria,0083,0145,0
-0.187,Negative,15.458629115982053,interacts with,0.018,False,interacts with,6f919188220b0c82be4439bb63dd189e_fungi (interacts with) c861b1ec2e390a9906dec7ee827ab766_bacteria,6f919188220b0c82be4439bb63dd189e_fungi,c861b1ec2e390a9906dec7ee827ab766_bacteria,0222,0005,0
0.2248,Positive,23.420204847449224,interacts with,0.01,False,interacts with,cc72eaa86c2be573136acdf59cda9fc3_oomycete (interacts with) 0a78918b318c9a666440b19941b2c94e_bacteria,cc72eaa86c2be573136acdf59cda9fc3_oomycete,0a78918b318c9a666440b19941b2c94e_bacteria,0083,0105,0
0.2274,Positive,15.366476755702749,interacts with,0.004,False,interacts with,5a7fabdfc2b1915ca336712e300eb727_eukaryote (interacts with) 0a78918b318c9a666440b19941b2c94e_bacteria,5a7fabdfc2b1915ca336712e300eb727_eukaryote,0a78918b318c9a666440b19941b2c94e_bacteria,0127,0105,0
-0.356,Negative,12.608374796391416,interacts with,0.001,False,interacts with,fa5d2b7bc448a32fa9ec8262e24231be_eukaryote (interacts with) 5d0942009326032f72c94ca27dc2015d_bacteria,fa5d2b7bc448a32fa9ec8262e24231be_eukaryote,5d0942009326032f72c94ca27dc2015d_bacteria,0093,0131,0
-0.2329,Negative,14.455719919193646,interacts with,0.006,False,interacts with,08abdffc486630512a1123f8c3bdc96c_fungi (interacts with) 61781934a20bd3368b0737d605f29468_bacteria,08abdffc486630512a1123f8c3bdc96c_fungi,61781934a20bd3368b0737d605f29468_bacteria,0176,0007,0
0.2507,Positive,12.150922620365188,interacts with,0.004,False,interacts with,fa5d2b7bc448a32fa9ec8262e24231be_eukaryote (interacts with) 61781934a20bd3368b0737d605f29468_bacteria,fa5d2b7bc448a32fa9ec8262e24231be_eukaryote,61781934a20bd3368b0737d605f29468_bacteria,0093,0007,0
-0.176,Negative,16.676173920779032,interacts with,0.03,False,interacts with,007761694cceb108c141cce8750b23b5_fungi (interacts with) ab16c4e2e7a7ffc9a83c0ce1a1036214_bacteria,007761694cceb108c141cce8750b23b5_fungi,ab16c4e2e7a7ffc9a83c0ce1a1036214_bacteria,0073,0191,0
0.174,Positive,12.131405059030076,interacts with,0.04,False,interacts with,cc72eaa86c2be573136acdf59cda9fc3_oomycete (interacts with) ab16c4e2e7a7ffc9a83c0ce1a1036214_bacteria,cc72eaa86c2be573136acdf59cda9fc3_oomycete,ab16c4e2e7a7ffc9a83c0ce1a1036214_bacteria,0083,0191,0
0.2493,Positive,15.762993809378791,interacts with,0.002,False,interacts with,5a7fabdfc2b1915ca336712e300eb727_eukaryote (interacts with) ab16c4e2e7a7ffc9a83c0ce1a1036214_bacteria,5a7fabdfc2b1915ca336712e300eb727_eukaryote,ab16c4e2e7a7ffc9a83c0ce1a1036214_bacteria,0127,0191,0
0.177,Positive,11.143688307943432,interacts with,0.031,False,interacts with,fa5d2b7bc448a32fa9ec8262e24231be_eukaryote (interacts with) 11d0b6aaf61245ed190220edb6779865_bacteria,fa5d2b7bc448a32fa9ec8262e24231be_eukaryote,11d0b6aaf61245ed190220edb6779865_bacteria,0093,0008,0
-0.165,Negative,22.22473200448366,interacts with,0.039,False,interacts with,6f919188220b0c82be4439bb63dd189e_fungi (interacts with) 334a4708e1cedc4f04c44f0f47d2f29e_bacteria,6f919188220b0c82be4439bb63dd189e_fungi,334a4708e1cedc4f04c44f0f47d2f29e_bacteria,0222,0133,0
-0.1902,Negative,17.682167893096878,interacts with,0.023,False,interacts with,5a7fabdfc2b1915ca336712e300eb727_eukaryote (interacts with) 334a4708e1cedc4f04c44f0f47d2f29e_bacteria,5a7fabdfc2b1915ca336712e300eb727_eukaryote,334a4708e1cedc4f04c44f0f47d2f29e_bacteria,0127,0133,0
-0.1824,Negative,11.878852149149854,interacts with,0.029,False,interacts with,007761694cceb108c141cce8750b23b5_fungi (interacts with) 943689dc4b1c713707c1520019c4e91d_bacteria,007761694cceb108c141cce8750b23b5_fungi,943689dc4b1c713707c1520019c4e91d_bacteria,0073,0010,0
-0.1961,Negative,12.193987274697513,interacts with,0.009,False,interacts with,08abdffc486630512a1123f8c3bdc96c_fungi (interacts with) 943689dc4b1c713707c1520019c4e91d_bacteria,08abdffc486630512a1123f8c3bdc96c_fungi,943689dc4b1c713707c1520019c4e91d_bacteria,0176,0010,0
-0.211,Negative,13.475730341950962,interacts with,0.01,False,interacts with,08abdffc486630512a1123f8c3bdc96c_fungi (interacts with) 162bf54549080b290d1ec8b0e6afbc1b_bacteria,08abdffc486630512a1123f8c3bdc96c_fungi,162bf54549080b290d1ec8b0e6afbc1b_bacteria,0176,0107,0
-0.2735,Negative,13.96046411404468,interacts with,0.004,False,interacts with,cc72eaa86c2be573136acdf59cda9fc3_oomycete (interacts with) 162bf54549080b290d1ec8b0e6afbc1b_bacteria,cc72eaa86c2be573136acdf59cda9fc3_oomycete,162bf54549080b290d1ec8b0e6afbc1b_bacteria,0083,0107,0
-0.3238,Negative,12.876749362426995,interacts with,0.001,False,interacts with,5a7fabdfc2b1915ca336712e300eb727_eukaryote (interacts with) 162bf54549080b290d1ec8b0e6afbc1b_bacteria,5a7fabdfc2b1915ca336712e300eb727_eukaryote,162bf54549080b290d1ec8b0e6afbc1b_bacteria,0127,0107,0
-0.2412,Negative,14.581258072304632,interacts with,0.006,False,interacts with,fa5d2b7bc448a32fa9ec8262e24231be_eukaryote (interacts with) 162bf54549080b290d1ec8b0e6afbc1b_bacteria,fa5d2b7bc448a32fa9ec8262e24231be_eukaryote,162bf54549080b290d1ec8b0e6afbc1b_bacteria,0093,0107,0
-0.172,Negative,13.608529664693767,interacts with,0.034,False,interacts with,5a7fabdfc2b1915ca336712e300eb727_eukaryote (interacts with) d0c26a44a7a8b6ee4ba716861fc44da2_bacteria,5a7fabdfc2b1915ca336712e300eb727_eukaryote,d0c26a44a7a8b6ee4ba716861fc44da2_bacteria,0127,0108,0
-0.2458,Negative,9.539809460958825,interacts with,0.007,False,interacts with,cc72eaa86c2be573136acdf59cda9fc3_oomycete (interacts with) c4e15ee4c6a6debb8ef308d21e737e8e_bacteria,cc72eaa86c2be573136acdf59cda9fc3_oomycete,c4e15ee4c6a6debb8ef308d21e737e8e_bacteria,0083,0011,0
-0.3188,Negative,12.936913285290288,interacts with,0.001,False,interacts with,5a7fabdfc2b1915ca336712e300eb727_eukaryote (interacts with) c4e15ee4c6a6debb8ef308d21e737e8e_bacteria,5a7fabdfc2b1915ca336712e300eb727_eukaryote,c4e15ee4c6a6debb8ef308d21e737e8e_bacteria,0127,0011,0
-0.2574,Negative,11.847324346210582,interacts with,0.003,False,interacts with,fa5d2b7bc448a32fa9ec8262e24231be_eukaryote (interacts with) 0cb8dc0c56bd0e3524dba46d210b26c9_bacteria,fa5d2b7bc448a32fa9ec8262e24231be_eukaryote,0cb8dc0c56bd0e3524dba46d210b26c9_bacteria,0093,0013,0
-0.2171,Negative,13.04031187102686,interacts with,0.004,False,interacts with,fa5d2b7bc448a32fa9ec8262e24231be_eukaryote (interacts with) a11e7d00f7f42af59b01f4684a52fa9d_bacteria,fa5d2b7bc448a32fa9ec8262e24231be_eukaryote,a11e7d00f7f42af59b01f4684a52fa9d_bacteria,0093,0014,0
-0.2188,Negative,13.138973585580308,interacts with,0.006,False,interacts with,08abdffc486630512a1123f8c3bdc96c_fungi (interacts with) 613010f6345bf00e94847229463fe089_bacteria,08abdffc486630512a1123f8c3bdc96c_fungi,613010f6345bf00e94847229463fe089_bacteria,0176,0226,0
-0.2085,Negative,17.633295150430705,interacts with,0.007,False,interacts with,6f919188220b0c82be4439bb63dd189e_fungi (interacts with) 10608cb99e86b1430b6507d8fcb500e6_bacteria,6f919188220b0c82be4439bb63dd189e_fungi,10608cb99e86b1430b6507d8fcb500e6_bacteria,0222,0221,0
-0.173,Negative,14.46278568756432,interacts with,0.043,False,interacts with,5a7fabdfc2b1915ca336712e300eb727_eukaryote (interacts with) 10608cb99e86b1430b6507d8fcb500e6_bacteria,5a7fabdfc2b1915ca336712e300eb727_eukaryote,10608cb99e86b1430b6507d8fcb500e6_bacteria,0127,0221,0
0.1984,Positive,16.509067760185438,interacts with,0.006,False,interacts with,5a7fabdfc2b1915ca336712e300eb727_eukaryote (interacts with) c4f812a2f2095a7e9a8060a1c5a98588_bacteria,5a7fabdfc2b1915ca336712e300eb727_eukaryote,c4f812a2f2095a7e9a8060a1c5a98588_bacteria,0127,0234,0
-0.1633,Negative,23.429982878891543,interacts with,0.043,False,interacts with,6f919188220b0c82be4439bb63dd189e_fungi (interacts with) 1e2dd0b096801694733a077125a20228_bacteria,6f919188220b0c82be4439bb63dd189e_fungi,1e2dd0b096801694733a077125a20228_bacteria,0222,0192,0
0.2088,Positive,18.68092300066734,interacts with,0.013,False,interacts with,5a7fabdfc2b1915ca336712e300eb727_eukaryote (interacts with) 410eb181ab34fd951e2c531978b6faae_bacteria,5a7fabdfc2b1915ca336712e300eb727_eukaryote,410eb181ab34fd951e2c531978b6faae_bacteria,0127,0015,0
-0.1682,Negative,13.109812755837073,interacts with,0.037,False,interacts with,fa5d2b7bc448a32fa9ec8262e24231be_eukaryote (interacts with) 410eb181ab34fd951e2c531978b6faae_bacteria,fa5d2b7bc448a32fa9ec8262e24231be_eukaryote,410eb181ab34fd951e2c531978b6faae_bacteria,0093,0015,0
-0.2217,Negative,10.167755433844658,interacts with,0.009,False,interacts with,cc72eaa86c2be573136acdf59cda9fc3_oomycete (interacts with) e8685172a54f1bfdffcce32273cb42f3_bacteria,cc72eaa86c2be573136acdf59cda9fc3_oomycete,e8685172a54f1bfdffcce32273cb42f3_bacteria,0083,0016,0
-0.2217,Negative,16.856164645563013,interacts with,0.007,False,interacts with,5a7fabdfc2b1915ca336712e300eb727_eukaryote (interacts with) e8685172a54f1bfdffcce32273cb42f3_bacteria,5a7fabdfc2b1915ca336712e300eb727_eukaryote,e8685172a54f1bfdffcce32273cb42f3_bacteria,0127,0016,0
-0.1899,Negative,10.653065445947798,interacts with,0.008,False,interacts with,cc72eaa86c2be573136acdf59cda9fc3_oomycete (interacts with) 30915dab539abea2a31d47ae7d90792e_bacteria,cc72eaa86c2be573136acdf59cda9fc3_oomycete,30915dab539abea2a31d47ae7d90792e_bacteria,0083,0017,0
0.1953,Positive,12.262152888528194,interacts with,0.009,False,interacts with,fa5d2b7bc448a32fa9ec8262e24231be_eukaryote (interacts with) 30915dab539abea2a31d47ae7d90792e_bacteria,fa5d2b7bc448a32fa9ec8262e24231be_eukaryote,30915dab539abea2a31d47ae7d90792e_bacteria,0093,0017,0
0.1613,Positive,20.4237153489038,interacts with,0.039,False,interacts with,007761694cceb108c141cce8750b23b5_fungi (interacts with) 30432de9f6dd4c74cc5042a8d0ece70f_bacteria,007761694cceb108c141cce8750b23b5_fungi,30432de9f6dd4c74cc5042a8d0ece70f_bacteria,0073,0152,0
0.1901,Positive,12.94931147284088,interacts with,0.004,False,interacts with,08abdffc486630512a1123f8c3bdc96c_fungi (interacts with) 30432de9f6dd4c74cc5042a8d0ece70f_bacteria,08abdffc486630512a1123f8c3bdc96c_fungi,30432de9f6dd4c74cc5042a8d0ece70f_bacteria,0176,0152,0
-0.2751,Negative,10.479477141416428,interacts with,0.002,False,interacts with,cc72eaa86c2be573136acdf59cda9fc3_oomycete (interacts with) 064cd789fb8e827f4ab320316d71e12a_bacteria,cc72eaa86c2be573136acdf59cda9fc3_oomycete,064cd789fb8e827f4ab320316d71e12a_bacteria,0083,0018,0
-0.2576,Negative,15.73856698520696,interacts with,0.003,False,interacts with,5a7fabdfc2b1915ca336712e300eb727_eukaryote (interacts with) 064cd789fb8e827f4ab320316d71e12a_bacteria,5a7fabdfc2b1915ca336712e300eb727_eukaryote,064cd789fb8e827f4ab320316d71e12a_bacteria,0127,0018,0
0.1943,Positive,10.27840076085994,interacts with,0.016,False,interacts with,cc72eaa86c2be573136acdf59cda9fc3_oomycete (interacts with) fb613c9c4a86c7589b321ffb051a485c_bacteria,cc72eaa86c2be573136acdf59cda9fc3_oomycete,fb613c9c4a86c7589b321ffb051a485c_bacteria,0083,0020,0
-0.1829,Negative,13.066753842424715,interacts with,0.025,False,interacts with,007761694cceb108c141cce8750b23b5_fungi (interacts with) e1a8c7e8c3549b8c8130fe8c6d366052_bacteria,007761694cceb108c141cce8750b23b5_fungi,e1a8c7e8c3549b8c8130fe8c6d366052_bacteria,0073,0153,0
-0.1583,Negative,14.606583268596404,interacts with,0.034,False,interacts with,08abdffc486630512a1123f8c3bdc96c_fungi (interacts with) e1a8c7e8c3549b8c8130fe8c6d366052_bacteria,08abdffc486630512a1123f8c3bdc96c_fungi,e1a8c7e8c3549b8c8130fe8c6d366052_bacteria,0176,0153,0
-0.2802,Negative,16.309806842387292,interacts with,0.002,False,interacts with,007761694cceb108c141cce8750b23b5_fungi (interacts with) eb9cdec519d0a08dcfb47dfac31c9b82_bacteria,007761694cceb108c141cce8750b23b5_fungi,eb9cdec519d0a08dcfb47dfac31c9b82_bacteria,0073,0109,0
-0.2333,Negative,13.63032118968112,interacts with,0.002,False,interacts with,08abdffc486630512a1123f8c3bdc96c_fungi (interacts with) eb9cdec519d0a08dcfb47dfac31c9b82_bacteria,08abdffc486630512a1123f8c3bdc96c_fungi,eb9cdec519d0a08dcfb47dfac31c9b82_bacteria,0176,0109,0
-0.2234,Negative,13.944416293641329,interacts with,0.007,False,interacts with,5a7fabdfc2b1915ca336712e300eb727_eukaryote (interacts with) eb9cdec519d0a08dcfb47dfac31c9b82_bacteria,5a7fabdfc2b1915ca336712e300eb727_eukaryote,eb9cdec519d0a08dcfb47dfac31c9b82_bacteria,0127,0109,0
-0.2365,Negative,14.472878302533497,interacts with,0.004,False,interacts with,fa5d2b7bc448a32fa9ec8262e24231be_eukaryote (interacts with) eb9cdec519d0a08dcfb47dfac31c9b82_bacteria,fa5d2b7bc448a32fa9ec8262e24231be_eukaryote,eb9cdec519d0a08dcfb47dfac31c9b82_bacteria,0093,0109,0
0.159,Positive,14.8663875948246,interacts with,0.032,False,interacts with,fa5d2b7bc448a32fa9ec8262e24231be_eukaryote (interacts with) 6f0c774f7177fa246b2e3d023979a44d_bacteria,fa5d2b7bc448a32fa9ec8262e24231be_eukaryote,6f0c774f7177fa246b2e3d023979a44d_bacteria,0093,0135,0
-0.1806,Negative,12.8044479524565,interacts with,0.01,False,interacts with,08abdffc486630512a1123f8c3bdc96c_fungi (interacts with) 59f72dd6eaf2a9d277540becada0fb4c_bacteria,08abdffc486630512a1123f8c3bdc96c_fungi,59f72dd6eaf2a9d277540becada0fb4c_bacteria,0176,0110,0
-0.1793,Negative,12.689681735337034,interacts with,0.035,False,interacts with,cc72eaa86c2be573136acdf59cda9fc3_oomycete (interacts with) 59f72dd6eaf2a9d277540becada0fb4c_bacteria,cc72eaa86c2be573136acdf59cda9fc3_oomycete,59f72dd6eaf2a9d277540becada0fb4c_bacteria,0083,0110,0
-0.163,Negative,16.01663855629238,interacts with,0.036,False,interacts with,08abdffc486630512a1123f8c3bdc96c_fungi (interacts with) cfad561ce0a5f1aaddf0970d204a1e35_bacteria,08abdffc486630512a1123f8c3bdc96c_fungi,cfad561ce0a5f1aaddf0970d204a1e35_bacteria,0176,0021,0
-0.1902,Negative,10.269360427363289,interacts with,0.02,False,interacts with,cc72eaa86c2be573136acdf59cda9fc3_oomycete (interacts with) cfad561ce0a5f1aaddf0970d204a1e35_bacteria,cc72eaa86c2be573136acdf59cda9fc3_oomycete,cfad561ce0a5f1aaddf0970d204a1e35_bacteria,0083,0021,0
-0.3407,Negative,12.9703553765715,interacts with,0.001,False,interacts with,5a7fabdfc2b1915ca336712e300eb727_eukaryote (interacts with) cfad561ce0a5f1aaddf0970d204a1e35_bacteria,5a7fabdfc2b1915ca336712e300eb727_eukaryote,cfad561ce0a5f1aaddf0970d204a1e35_bacteria,0127,0021,0
-0.2445,Negative,10.92113593985244,interacts with,0.002,False,interacts with,08abdffc486630512a1123f8c3bdc96c_fungi (interacts with) 502b0a65026efd878a4e4c9295cc9e01_bacteria,08abdffc486630512a1123f8c3bdc96c_fungi,502b0a65026efd878a4e4c9295cc9e01_bacteria,0176,0251,0
-0.1648,Negative,13.169418548319754,interacts with,0.038,False,interacts with,5a7fabdfc2b1915ca336712e300eb727_eukaryote (interacts with) 502b0a65026efd878a4e4c9295cc9e01_bacteria,5a7fabdfc2b1915ca336712e300eb727_eukaryote,502b0a65026efd878a4e4c9295cc9e01_bacteria,0127,0251,0
-0.2498,Negative,8.747915812301201,interacts with,0.001,False,interacts with,cc72eaa86c2be573136acdf59cda9fc3_oomycete (interacts with) 520fe6acd695f8e09998c6746855e420_bacteria,cc72eaa86c2be573136acdf59cda9fc3_oomycete,520fe6acd695f8e09998c6746855e420_bacteria,0083,0024,0
-0.2613,Negative,11.206505538823684,interacts with,0.003,False,interacts with,007761694cceb108c141cce8750b23b5_fungi (interacts with) 958e14f4806af8a06db61870561138f7_bacteria,007761694cceb108c141cce8750b23b5_fungi,958e14f4806af8a06db61870561138f7_bacteria,0073,0154,0
-0.1787,Negative,8.9389777353984,interacts with,0.028,False,interacts with,08abdffc486630512a1123f8c3bdc96c_fungi (interacts with) 958e14f4806af8a06db61870561138f7_bacteria,08abdffc486630512a1123f8c3bdc96c_fungi,958e14f4806af8a06db61870561138f7_bacteria,0176,0154,0
-0.2044,Negative,24.781668001200813,interacts with,0.004,False,interacts with,007761694cceb108c141cce8750b23b5_fungi (interacts with) 5021bd1879d31f301889c2bfafefb3d2_bacteria,007761694cceb108c141cce8750b23b5_fungi,5021bd1879d31f301889c2bfafefb3d2_bacteria,0073,0247,0
-0.1405,Negative,14.621393680711384,interacts with,0.045,False,interacts with,6f919188220b0c82be4439bb63dd189e_fungi (interacts with) 5021bd1879d31f301889c2bfafefb3d2_bacteria,6f919188220b0c82be4439bb63dd189e_fungi,5021bd1879d31f301889c2bfafefb3d2_bacteria,0222,0247,0
-0.248,Negative,9.355687201627108,interacts with,0.001,False,interacts with,cc72eaa86c2be573136acdf59cda9fc3_oomycete (interacts with) 3ade6fe2d83cee514a202e7c8237dc14_bacteria,cc72eaa86c2be573136acdf59cda9fc3_oomycete,3ade6fe2d83cee514a202e7c8237dc14_bacteria,0083,0025,0
-0.1682,Negative,11.8814406168477,interacts with,0.029,False,interacts with,5a7fabdfc2b1915ca336712e300eb727_eukaryote (interacts with) 41701e0adab2a616c9ee9b352beca639_bacteria,5a7fabdfc2b1915ca336712e300eb727_eukaryote,41701e0adab2a616c9ee9b352beca639_bacteria,0127,0111,0
-0.2129,Negative,9.71045236586982,interacts with,0.006,False,interacts with,cc72eaa86c2be573136acdf59cda9fc3_oomycete (interacts with) eb434ae05f7cf08515f5a9eedc7b77b9_bacteria,cc72eaa86c2be573136acdf59cda9fc3_oomycete,eb434ae05f7cf08515f5a9eedc7b77b9_bacteria,0083,0026,0
-0.1947,Negative,11.139619846712694,interacts with,0.013,False,interacts with,5a7fabdfc2b1915ca336712e300eb727_eukaryote (interacts with) a596ae48f107278dfad5dc9a569a633f_bacteria,5a7fabdfc2b1915ca336712e300eb727_eukaryote,a596ae48f107278dfad5dc9a569a633f_bacteria,0127,0027,0
-0.2424,Negative,13.230572102356978,interacts with,0.002,False,interacts with,007761694cceb108c141cce8750b23b5_fungi (interacts with) 96ebb5a9fbca50d3964296bb818d9861_bacteria,007761694cceb108c141cce8750b23b5_fungi,96ebb5a9fbca50d3964296bb818d9861_bacteria,0073,0155,0
-0.1571,Negative,14.304413836280103,interacts with,0.027,False,interacts with,08abdffc486630512a1123f8c3bdc96c_fungi (interacts with) 96ebb5a9fbca50d3964296bb818d9861_bacteria,08abdffc486630512a1123f8c3bdc96c_fungi,96ebb5a9fbca50d3964296bb818d9861_bacteria,0176,0155,0
-0.1812,Negative,20.55292351611236,interacts with,0.012,False,interacts with,007761694cceb108c141cce8750b23b5_fungi (interacts with) 17eb8ebaa3d7404b362330e42a6d9149_bacteria,007761694cceb108c141cce8750b23b5_fungi,17eb8ebaa3d7404b362330e42a6d9149_bacteria,0073,0231,0
0.2366,Positive,11.112406956113116,interacts with,0.008,False,interacts with,cc72eaa86c2be573136acdf59cda9fc3_oomycete (interacts with) 54693a9cf3c76c547dc9b56b6e9b266f_bacteria,cc72eaa86c2be573136acdf59cda9fc3_oomycete,54693a9cf3c76c547dc9b56b6e9b266f_bacteria,0083,0029,0
-0.1814,Negative,12.086495756621613,interacts with,0.031,False,interacts with,cc72eaa86c2be573136acdf59cda9fc3_oomycete (interacts with) f26613069d47c75ba35ac6e391427f1d_bacteria,cc72eaa86c2be573136acdf59cda9fc3_oomycete,f26613069d47c75ba35ac6e391427f1d_bacteria,0083,0030,0
0.222,Positive,10.0589466922371,interacts with,0.008,False,interacts with,fa5d2b7bc448a32fa9ec8262e24231be_eukaryote (interacts with) f26613069d47c75ba35ac6e391427f1d_bacteria,fa5d2b7bc448a32fa9ec8262e24231be_eukaryote,f26613069d47c75ba35ac6e391427f1d_bacteria,0093,0030,0
-0.2487,Negative,10.831922338845494,interacts with,0.001,False,interacts with,007761694cceb108c141cce8750b23b5_fungi (interacts with) a3b134fae5f1a2aa2a17c919b5c3a922_bacteria,007761694cceb108c141cce8750b23b5_fungi,a3b134fae5f1a2aa2a17c919b5c3a922_bacteria,0073,0156,0
-0.1708,Negative,13.55424463350033,interacts with,0.034,False,interacts with,fa5d2b7bc448a32fa9ec8262e24231be_eukaryote (interacts with) 58fe37239368831978117dc5136718fe_bacteria,fa5d2b7bc448a32fa9ec8262e24231be_eukaryote,58fe37239368831978117dc5136718fe_bacteria,0093,0157,0
-0.2041,Negative,12.83422388711653,interacts with,0.009,False,interacts with,007761694cceb108c141cce8750b23b5_fungi (interacts with) ed6fcc3e0305e5fa551e1c67f33c1226_bacteria,007761694cceb108c141cce8750b23b5_fungi,ed6fcc3e0305e5fa551e1c67f33c1226_bacteria,0073,0158,0
-0.201,Negative,8.947042981946232,interacts with,0.015,False,interacts with,cc72eaa86c2be573136acdf59cda9fc3_oomycete (interacts with) ed6fcc3e0305e5fa551e1c67f33c1226_bacteria,cc72eaa86c2be573136acdf59cda9fc3_oomycete,ed6fcc3e0305e5fa551e1c67f33c1226_bacteria,0083,0158,0
-0.1707,Negative,13.400310049955054,interacts with,0.013,False,interacts with,08abdffc486630512a1123f8c3bdc96c_fungi (interacts with) 3c2ce1fb455f0c4db329115c9d355ab3_bacteria,08abdffc486630512a1123f8c3bdc96c_fungi,3c2ce1fb455f0c4db329115c9d355ab3_bacteria,0176,0031,0
-0.1715,Negative,13.89529045837712,interacts with,0.033,False,interacts with,5a7fabdfc2b1915ca336712e300eb727_eukaryote (interacts with) 3c2ce1fb455f0c4db329115c9d355ab3_bacteria,5a7fabdfc2b1915ca336712e300eb727_eukaryote,3c2ce1fb455f0c4db329115c9d355ab3_bacteria,0127,0031,0
-0.214,Negative,13.94738425861889,interacts with,0.009,False,interacts with,fa5d2b7bc448a32fa9ec8262e24231be_eukaryote (interacts with) 3c2ce1fb455f0c4db329115c9d355ab3_bacteria,fa5d2b7bc448a32fa9ec8262e24231be_eukaryote,3c2ce1fb455f0c4db329115c9d355ab3_bacteria,0093,0031,0
-0.1672,Negative,13.599337361385311,interacts with,0.039,False,interacts with,007761694cceb108c141cce8750b23b5_fungi (interacts with) bd6595653c85ab4ed0535ca16ddfa7ae_bacteria,007761694cceb108c141cce8750b23b5_fungi,bd6595653c85ab4ed0535ca16ddfa7ae_bacteria,0073,0032,0
-0.2022,Negative,11.92181141673385,interacts with,0.024,False,interacts with,cc72eaa86c2be573136acdf59cda9fc3_oomycete (interacts with) bd6595653c85ab4ed0535ca16ddfa7ae_bacteria,cc72eaa86c2be573136acdf59cda9fc3_oomycete,bd6595653c85ab4ed0535ca16ddfa7ae_bacteria,0083,0032,0
-0.2825,Negative,10.817302690943672,interacts with,0.004,False,interacts with,5a7fabdfc2b1915ca336712e300eb727_eukaryote (interacts with) bd6595653c85ab4ed0535ca16ddfa7ae_bacteria,5a7fabdfc2b1915ca336712e300eb727_eukaryote,bd6595653c85ab4ed0535ca16ddfa7ae_bacteria,0127,0032,0
-0.33,Negative,10.029385550048971,interacts with,0.001,False,interacts with,cc72eaa86c2be573136acdf59cda9fc3_oomycete (interacts with) 727a0019cd714f3c1254b93a94a9aabe_bacteria,cc72eaa86c2be573136acdf59cda9fc3_oomycete,727a0019cd714f3c1254b93a94a9aabe_bacteria,0083,0033,0
-0.1878,Negative,17.468285272380122,interacts with,0.023,False,interacts with,5a7fabdfc2b1915ca336712e300eb727_eukaryote (interacts with) 727a0019cd714f3c1254b93a94a9aabe_bacteria,5a7fabdfc2b1915ca336712e300eb727_eukaryote,727a0019cd714f3c1254b93a94a9aabe_bacteria,0127,0033,0
0.204,Positive,14.700261634019157,interacts with,0.011,False,interacts with,cc72eaa86c2be573136acdf59cda9fc3_oomycete (interacts with) 427faf4c79ebf8288c8dc1c34cb6273e_bacteria,cc72eaa86c2be573136acdf59cda9fc3_oomycete,427faf4c79ebf8288c8dc1c34cb6273e_bacteria,0083,0035,0
-0.2097,Negative,16.75216775141713,interacts with,0.012,False,interacts with,fa5d2b7bc448a32fa9ec8262e24231be_eukaryote (interacts with) 427faf4c79ebf8288c8dc1c34cb6273e_bacteria,fa5d2b7bc448a32fa9ec8262e24231be_eukaryote,427faf4c79ebf8288c8dc1c34cb6273e_bacteria,0093,0035,0
-0.2742,Negative,9.535827444629,interacts with,0.001,False,interacts with,cc72eaa86c2be573136acdf59cda9fc3_oomycete (interacts with) 2f25e52d298c8f4f1f4b648383bed31c_bacteria,cc72eaa86c2be573136acdf59cda9fc3_oomycete,2f25e52d298c8f4f1f4b648383bed31c_bacteria,0083,0036,0
0.1683,Positive,13.38272953527582,interacts with,0.029,False,interacts with,fa5d2b7bc448a32fa9ec8262e24231be_eukaryote (interacts with) 2f25e52d298c8f4f1f4b648383bed31c_bacteria,fa5d2b7bc448a32fa9ec8262e24231be_eukaryote,2f25e52d298c8f4f1f4b648383bed31c_bacteria,0093,0036,0
-0.164,Negative,19.00413590620833,interacts with,0.016,False,interacts with,08abdffc486630512a1123f8c3bdc96c_fungi (interacts with) 53d2340d5f7b4ef070da39397346b625_bacteria,08abdffc486630512a1123f8c3bdc96c_fungi,53d2340d5f7b4ef070da39397346b625_bacteria,0176,0037,0
-0.3045,Negative,9.688577316166583,interacts with,0.001,False,interacts with,cc72eaa86c2be573136acdf59cda9fc3_oomycete (interacts with) 53d2340d5f7b4ef070da39397346b625_bacteria,cc72eaa86c2be573136acdf59cda9fc3_oomycete,53d2340d5f7b4ef070da39397346b625_bacteria,0083,0037,0
-0.1993,Negative,17.026472389227,interacts with,0.006,False,interacts with,5a7fabdfc2b1915ca336712e300eb727_eukaryote (interacts with) 53d2340d5f7b4ef070da39397346b625_bacteria,5a7fabdfc2b1915ca336712e300eb727_eukaryote,53d2340d5f7b4ef070da39397346b625_bacteria,0127,0037,0
-0.1588,Negative,18.944621311818103,interacts with,0.024,False,interacts with,6f919188220b0c82be4439bb63dd189e_fungi (interacts with) c256985cf7f385fa0e158aac9692f64d_bacteria,6f919188220b0c82be4439bb63dd189e_fungi,c256985cf7f385fa0e158aac9692f64d_bacteria,0222,0113,0
0.179,Positive,17.440898867136394,interacts with,0.023,False,interacts with,5a7fabdfc2b1915ca336712e300eb727_eukaryote (interacts with) c256985cf7f385fa0e158aac9692f64d_bacteria,5a7fabdfc2b1915ca336712e300eb727_eukaryote,c256985cf7f385fa0e158aac9692f64d_bacteria,0127,0113,0
0.1623,Positive,12.543140875133462,interacts with,0.045,False,interacts with,cc72eaa86c2be573136acdf59cda9fc3_oomycete (interacts with) 8592bfbdc869e66e390f54ea07547ee2_bacteria,cc72eaa86c2be573136acdf59cda9fc3_oomycete,8592bfbdc869e66e390f54ea07547ee2_bacteria,0083,0159,0
0.1605,Positive,10.205587244513996,interacts with,0.031,False,interacts with,cc72eaa86c2be573136acdf59cda9fc3_oomycete (interacts with) a50637e49cb2e7062c4fe563e8804b5c_bacteria,cc72eaa86c2be573136acdf59cda9fc3_oomycete,a50637e49cb2e7062c4fe563e8804b5c_bacteria,0083,0160,0
0.1856,Positive,13.017873308490772,interacts with,0.023,False,interacts with,5a7fabdfc2b1915ca336712e300eb727_eukaryote (interacts with) a50637e49cb2e7062c4fe563e8804b5c_bacteria,5a7fabdfc2b1915ca336712e300eb727_eukaryote,a50637e49cb2e7062c4fe563e8804b5c_bacteria,0127,0160,0
-0.1703,Negative,17.2497699807407,interacts with,0.028,False,interacts with,6f919188220b0c82be4439bb63dd189e_fungi (interacts with) 4faf22474cef7bf9d255c73cd9db118e_bacteria,6f919188220b0c82be4439bb63dd189e_fungi,4faf22474cef7bf9d255c73cd9db118e_bacteria,0222,0038,0
-0.25,Negative,12.955890660637122,interacts with,0.003,False,interacts with,fa5d2b7bc448a32fa9ec8262e24231be_eukaryote (interacts with) 4faf22474cef7bf9d255c73cd9db118e_bacteria,fa5d2b7bc448a32fa9ec8262e24231be_eukaryote,4faf22474cef7bf9d255c73cd9db118e_bacteria,0093,0038,0
0.1687,Positive,10.560432881385983,interacts with,0.044,False,interacts with,cc72eaa86c2be573136acdf59cda9fc3_oomycete (interacts with) 12ce93ddd82908b0631426465fc4feff_bacteria,cc72eaa86c2be573136acdf59cda9fc3_oomycete,12ce93ddd82908b0631426465fc4feff_bacteria,0083,0039,0
-0.1645,Negative,21.526089578442512,interacts with,0.024,False,interacts with,6f919188220b0c82be4439bb63dd189e_fungi (interacts with) b598deaaba68fcee9069b4ac1f0ffe7c_bacteria,6f919188220b0c82be4439bb63dd189e_fungi,b598deaaba68fcee9069b4ac1f0ffe7c_bacteria,0222,0161,0
0.1379,Positive,15.201650721554012,interacts with,0.05,False,interacts with,5a7fabdfc2b1915ca336712e300eb727_eukaryote (interacts with) b598deaaba68fcee9069b4ac1f0ffe7c_bacteria,5a7fabdfc2b1915ca336712e300eb727_eukaryote,b598deaaba68fcee9069b4ac1f0ffe7c_bacteria,0127,0161,0
-0.1801,Negative,13.393682844639766,interacts with,0.008,False,interacts with,007761694cceb108c141cce8750b23b5_fungi (interacts with) 66e3d8d65c7d38086039152ae0eea786_bacteria,007761694cceb108c141cce8750b23b5_fungi,66e3d8d65c7d38086039152ae0eea786_bacteria,0073,0040,0
0.1505,Positive,10.890896206197333,interacts with,0.028,False,interacts with,fa5d2b7bc448a32fa9ec8262e24231be_eukaryote (interacts with) 66e3d8d65c7d38086039152ae0eea786_bacteria,fa5d2b7bc448a32fa9ec8262e24231be_eukaryote,66e3d8d65c7d38086039152ae0eea786_bacteria,0093,0040,0
-0.1734,Negative,9.567842976816555,interacts with,0.01,False,interacts with,cc72eaa86c2be573136acdf59cda9fc3_oomycete (interacts with) 9f9db7a86cad05f5ce499615c163e8a9_bacteria,cc72eaa86c2be573136acdf59cda9fc3_oomycete,9f9db7a86cad05f5ce499615c163e8a9_bacteria,0083,0041,0
-0.1541,Negative,10.909929470651162,interacts with,0.025,False,interacts with,cc72eaa86c2be573136acdf59cda9fc3_oomycete (interacts with) 486eef6f6e7d9269c40a644d2d6832d6_bacteria,cc72eaa86c2be573136acdf59cda9fc3_oomycete,486eef6f6e7d9269c40a644d2d6832d6_bacteria,0083,0195,0
-0.3154,Negative,11.671935484892304,interacts with,0.001,False,interacts with,007761694cceb108c141cce8750b23b5_fungi (interacts with) 64d446be25ef73bf9cdd2d1c75b28328_bacteria,007761694cceb108c141cce8750b23b5_fungi,64d446be25ef73bf9cdd2d1c75b28328_bacteria,0073,0163,0
-0.2449,Negative,11.68463323144157,interacts with,0.002,False,interacts with,08abdffc486630512a1123f8c3bdc96c_fungi (interacts with) 64d446be25ef73bf9cdd2d1c75b28328_bacteria,08abdffc486630512a1123f8c3bdc96c_fungi,64d446be25ef73bf9cdd2d1c75b28328_bacteria,0176,0163,0
-0.203,Negative,13.13682380267382,interacts with,0.012,False,interacts with,5a7fabdfc2b1915ca336712e300eb727_eukaryote (interacts with) 64d446be25ef73bf9cdd2d1c75b28328_bacteria,5a7fabdfc2b1915ca336712e300eb727_eukaryote,64d446be25ef73bf9cdd2d1c75b28328_bacteria,0127,0163,0
0.2011,Positive,11.05730253347032,interacts with,0.019,False,interacts with,cc72eaa86c2be573136acdf59cda9fc3_oomycete (interacts with) be23ac7180eac196be3e0514333d4301_bacteria,cc72eaa86c2be573136acdf59cda9fc3_oomycete,be23ac7180eac196be3e0514333d4301_bacteria,0083,0042,0
-0.2662,Negative,11.91606564389762,interacts with,0.001,False,interacts with,fa5d2b7bc448a32fa9ec8262e24231be_eukaryote (interacts with) be23ac7180eac196be3e0514333d4301_bacteria,fa5d2b7bc448a32fa9ec8262e24231be_eukaryote,be23ac7180eac196be3e0514333d4301_bacteria,0093,0042,0
-0.3371,Negative,10.8759641250529,interacts with,0.001,False,interacts with,fa5d2b7bc448a32fa9ec8262e24231be_eukaryote (interacts with) f4a81d1da4f94db765f8dc3f8d9d71c1_bacteria,fa5d2b7bc448a32fa9ec8262e24231be_eukaryote,f4a81d1da4f94db765f8dc3f8d9d71c1_bacteria,0093,0043,0
-0.205,Negative,10.626182642493278,interacts with,0.004,False,interacts with,cc72eaa86c2be573136acdf59cda9fc3_oomycete (interacts with) d96989fc36f17efec684123db1413110_bacteria,cc72eaa86c2be573136acdf59cda9fc3_oomycete,d96989fc36f17efec684123db1413110_bacteria,0083,0045,0
0.145,Positive,14.013771260645958,interacts with,0.044,False,interacts with,fa5d2b7bc448a32fa9ec8262e24231be_eukaryote (interacts with) 2ec351ef72927f2bc76225d8277dc602_bacteria,fa5d2b7bc448a32fa9ec8262e24231be_eukaryote,2ec351ef72927f2bc76225d8277dc602_bacteria,0093,0046,0
-0.1535,Negative,12.525409624399105,interacts with,0.023,False,interacts with,007761694cceb108c141cce8750b23b5_fungi (interacts with) 62690921189900b625d68933a083f144_bacteria,007761694cceb108c141cce8750b23b5_fungi,62690921189900b625d68933a083f144_bacteria,0073,0115,0
0.1456,Positive,14.52856285790902,interacts with,0.033,False,interacts with,fa5d2b7bc448a32fa9ec8262e24231be_eukaryote (interacts with) 62690921189900b625d68933a083f144_bacteria,fa5d2b7bc448a32fa9ec8262e24231be_eukaryote,62690921189900b625d68933a083f144_bacteria,0093,0115,0
0.1713,Positive,10.28367586564671,interacts with,0.032,False,interacts with,cc72eaa86c2be573136acdf59cda9fc3_oomycete (interacts with) d4143a84fa86f4939237b7d4e33cfc4d_bacteria,cc72eaa86c2be573136acdf59cda9fc3_oomycete,d4143a84fa86f4939237b7d4e33cfc4d_bacteria,0083,0047,0
-0.1783,Negative,13.866043885818458,interacts with,0.021,False,interacts with,fa5d2b7bc448a32fa9ec8262e24231be_eukaryote (interacts with) d4143a84fa86f4939237b7d4e33cfc4d_bacteria,fa5d2b7bc448a32fa9ec8262e24231be_eukaryote,d4143a84fa86f4939237b7d4e33cfc4d_bacteria,0093,0047,0
-0.1451,Negative,13.895619452594014,interacts with,0.044,False,interacts with,fa5d2b7bc448a32fa9ec8262e24231be_eukaryote (interacts with) 8c4947f4462ed1efbb71564b6c9aa0cb_bacteria,fa5d2b7bc448a32fa9ec8262e24231be_eukaryote,8c4947f4462ed1efbb71564b6c9aa0cb_bacteria,0093,0048,0
-0.264,Negative,10.767337544447964,interacts with,0.003,False,interacts with,007761694cceb108c141cce8750b23b5_fungi (interacts with) 80096a00a83bc1748d934c8ab64da932_bacteria,007761694cceb108c141cce8750b23b5_fungi,80096a00a83bc1748d934c8ab64da932_bacteria,0073,0164,0
-0.1683,Negative,14.271455321574626,interacts with,0.035,False,interacts with,007761694cceb108c141cce8750b23b5_fungi (interacts with) 98483eb0a3fb5c44728f605e0b475ac3_bacteria,007761694cceb108c141cce8750b23b5_fungi,98483eb0a3fb5c44728f605e0b475ac3_bacteria,0073,0239,0
-0.1884,Negative,12.179538245465867,interacts with,0.009,False,interacts with,08abdffc486630512a1123f8c3bdc96c_fungi (interacts with) 98483eb0a3fb5c44728f605e0b475ac3_bacteria,08abdffc486630512a1123f8c3bdc96c_fungi,98483eb0a3fb5c44728f605e0b475ac3_bacteria,0176,0239,0
-0.2302,Negative,15.545139586188172,interacts with,0.003,False,interacts with,6f919188220b0c82be4439bb63dd189e_fungi (interacts with) 98483eb0a3fb5c44728f605e0b475ac3_bacteria,6f919188220b0c82be4439bb63dd189e_fungi,98483eb0a3fb5c44728f605e0b475ac3_bacteria,0222,0239,0
-0.2458,Negative,10.323759334323524,interacts with,0.002,False,interacts with,fa5d2b7bc448a32fa9ec8262e24231be_eukaryote (interacts with) f733c60397f7fc312c9cdce5c6d9aba1_bacteria,fa5d2b7bc448a32fa9ec8262e24231be_eukaryote,f733c60397f7fc312c9cdce5c6d9aba1_bacteria,0093,0050,0
-0.1671,Negative,14.354122885975508,interacts with,0.028,False,interacts with,fa5d2b7bc448a32fa9ec8262e24231be_eukaryote (interacts with) cb322f93327b32468a9fd72aed3afa8a_bacteria,fa5d2b7bc448a32fa9ec8262e24231be_eukaryote,cb322f93327b32468a9fd72aed3afa8a_bacteria,0093,0116,0
0.1504,Positive,11.748908431037824,interacts with,0.032,False,interacts with,cc72eaa86c2be573136acdf59cda9fc3_oomycete (interacts with) db38587cad3ac0e5373ae4ad85d4d1f6_bacteria,cc72eaa86c2be573136acdf59cda9fc3_oomycete,db38587cad3ac0e5373ae4ad85d4d1f6_bacteria,0083,0051,0
-0.1598,Negative,12.29903661414775,interacts with,0.05,False,interacts with,fa5d2b7bc448a32fa9ec8262e24231be_eukaryote (interacts with) 8cf55f42a9d1f25bc15720205db748b4_bacteria,fa5d2b7bc448a32fa9ec8262e24231be_eukaryote,8cf55f42a9d1f25bc15720205db748b4_bacteria,0093,0052,0
-0.1607,Negative,11.30898829505634,interacts with,0.034,False,interacts with,fa5d2b7bc448a32fa9ec8262e24231be_eukaryote (interacts with) 79cdbdf95f8596a1e17750c68ea553e9_bacteria,fa5d2b7bc448a32fa9ec8262e24231be_eukaryote,79cdbdf95f8596a1e17750c68ea553e9_bacteria,0093,0053,0
-0.2485,Negative,11.036266683665596,interacts with,0.001,False,interacts with,007761694cceb108c141cce8750b23b5_fungi (interacts with) dec10876dd1b063c2977675a952e5613_bacteria,007761694cceb108c141cce8750b23b5_fungi,dec10876dd1b063c2977675a952e5613_bacteria,0073,0165,0
0.1478,Positive,12.945677035972391,interacts with,0.031,False,interacts with,fa5d2b7bc448a32fa9ec8262e24231be_eukaryote (interacts with) dec10876dd1b063c2977675a952e5613_bacteria,fa5d2b7bc448a32fa9ec8262e24231be_eukaryote,dec10876dd1b063c2977675a952e5613_bacteria,0093,0165,0
-0.3061,Negative,11.01123535161902,interacts with,0.002,False,interacts with,fa5d2b7bc448a32fa9ec8262e24231be_eukaryote (interacts with) dee54165b25b1b80bf40b51130dc690d_bacteria,fa5d2b7bc448a32fa9ec8262e24231be_eukaryote,dee54165b25b1b80bf40b51130dc690d_bacteria,0093,0054,0
-0.1613,Negative,20.00065435605111,interacts with,0.031,False,interacts with,007761694cceb108c141cce8750b23b5_fungi (interacts with) 34dda3219113b5e264e609c30ab9b004_bacteria,007761694cceb108c141cce8750b23b5_fungi,34dda3219113b5e264e609c30ab9b004_bacteria,0073,0232,0
-0.1431,Negative,13.65787208807,interacts with,0.039,False,interacts with,007761694cceb108c141cce8750b23b5_fungi (interacts with) 87103294ec0841cff3f2187f1fb565c5_bacteria,007761694cceb108c141cce8750b23b5_fungi,87103294ec0841cff3f2187f1fb565c5_bacteria,0073,0166,0
-0.1671,Negative,13.476939834364176,interacts with,0.012,False,interacts with,007761694cceb108c141cce8750b23b5_fungi (interacts with) 623e85cafaa7d77615b1f2c4a51a4e58_bacteria,007761694cceb108c141cce8750b23b5_fungi,623e85cafaa7d77615b1f2c4a51a4e58_bacteria,0073,0055,0
-0.1769,Negative,10.585144308367475,interacts with,0.009,False,interacts with,cc72eaa86c2be573136acdf59cda9fc3_oomycete (interacts with) 623e85cafaa7d77615b1f2c4a51a4e58_bacteria,cc72eaa86c2be573136acdf59cda9fc3_oomycete,623e85cafaa7d77615b1f2c4a51a4e58_bacteria,0083,0055,0
-0.1517,Negative,16.90775604249519,interacts with,0.049,False,interacts with,007761694cceb108c141cce8750b23b5_fungi (interacts with) 374b88becf647abd98cc5b2b4ac528bd_bacteria,007761694cceb108c141cce8750b23b5_fungi,374b88becf647abd98cc5b2b4ac528bd_bacteria,0073,0227,0
-0.198,Negative,16.82306402664437,interacts with,0.008,False,interacts with,6f919188220b0c82be4439bb63dd189e_fungi (interacts with) 374b88becf647abd98cc5b2b4ac528bd_bacteria,6f919188220b0c82be4439bb63dd189e_fungi,374b88becf647abd98cc5b2b4ac528bd_bacteria,0222,0227,0
0.2351,Positive,14.115425392444624,interacts with,0.003,False,interacts with,5a7fabdfc2b1915ca336712e300eb727_eukaryote (interacts with) 7aa9b372d4c2cd1b6390bfd19e9a11a6_bacteria,5a7fabdfc2b1915ca336712e300eb727_eukaryote,7aa9b372d4c2cd1b6390bfd19e9a11a6_bacteria,0127,0056,0
-0.163,Negative,14.45111464690184,interacts with,0.014,False,interacts with,fa5d2b7bc448a32fa9ec8262e24231be_eukaryote (interacts with) 7aa9b372d4c2cd1b6390bfd19e9a11a6_bacteria,fa5d2b7bc448a32fa9ec8262e24231be_eukaryote,7aa9b372d4c2cd1b6390bfd19e9a11a6_bacteria,0093,0056,0
-0.1984,Negative,9.84110865719684,interacts with,0.013,False,interacts with,cc72eaa86c2be573136acdf59cda9fc3_oomycete (interacts with) eec64780e6b621c93e5dc66bc10bed22_bacteria,cc72eaa86c2be573136acdf59cda9fc3_oomycete,eec64780e6b621c93e5dc66bc10bed22_bacteria,0083,0167,0
-0.168,Negative,19.869412154597423,interacts with,0.01,False,interacts with,007761694cceb108c141cce8750b23b5_fungi (interacts with) 64f1fc5334789b8bb3ffa75ff021ed6c_bacteria,007761694cceb108c141cce8750b23b5_fungi,64f1fc5334789b8bb3ffa75ff021ed6c_bacteria,0073,0136,0
-0.2413,Negative,11.088159626034493,interacts with,0.001,False,interacts with,007761694cceb108c141cce8750b23b5_fungi (interacts with) 701694874cb668b3c8b28556d6894c31_bacteria,007761694cceb108c141cce8750b23b5_fungi,701694874cb668b3c8b28556d6894c31_bacteria,0073,0057,0
0.1554,Positive,13.79901453449324,interacts with,0.018,False,interacts with,fa5d2b7bc448a32fa9ec8262e24231be_eukaryote (interacts with) 701694874cb668b3c8b28556d6894c31_bacteria,fa5d2b7bc448a32fa9ec8262e24231be_eukaryote,701694874cb668b3c8b28556d6894c31_bacteria,0093,0057,0
-0.1483,Negative,12.50717822915229,interacts with,0.033,False,interacts with,007761694cceb108c141cce8750b23b5_fungi (interacts with) de0aa684ed3e574308e5ab48ff90cdb0_bacteria,007761694cceb108c141cce8750b23b5_fungi,de0aa684ed3e574308e5ab48ff90cdb0_bacteria,0073,0169,0
-0.1629,Negative,14.721297761193476,interacts with,0.024,False,interacts with,fa5d2b7bc448a32fa9ec8262e24231be_eukaryote (interacts with) 1c4babd5c824cef4804874bbb6b29ab9_bacteria,fa5d2b7bc448a32fa9ec8262e24231be_eukaryote,1c4babd5c824cef4804874bbb6b29ab9_bacteria,0093,0120,0
-0.1564,Negative,16.677343519856198,interacts with,0.021,False,interacts with,007761694cceb108c141cce8750b23b5_fungi (interacts with) e2b4a9650cb0b33c1220554634223c59_bacteria,007761694cceb108c141cce8750b23b5_fungi,e2b4a9650cb0b33c1220554634223c59_bacteria,0073,0059,0
0.1478,Positive,14.25073121141528,interacts with,0.026,False,interacts with,08abdffc486630512a1123f8c3bdc96c_fungi (interacts with) 1ce72f2cc8eba8fb0a3b299aa0e53526_bacteria,08abdffc486630512a1123f8c3bdc96c_fungi,1ce72f2cc8eba8fb0a3b299aa0e53526_bacteria,0176,0146,0
0.2929,Positive,11.899114979331792,interacts with,0.001,False,interacts with,5a7fabdfc2b1915ca336712e300eb727_eukaryote (interacts with) 1ce72f2cc8eba8fb0a3b299aa0e53526_bacteria,5a7fabdfc2b1915ca336712e300eb727_eukaryote,1ce72f2cc8eba8fb0a3b299aa0e53526_bacteria,0127,0146,0
-0.1803,Negative,10.45300620267523,interacts with,0.013,False,interacts with,cc72eaa86c2be573136acdf59cda9fc3_oomycete (interacts with) d54ca076b9cf97723c4a8be8304c05e1_bacteria,cc72eaa86c2be573136acdf59cda9fc3_oomycete,d54ca076b9cf97723c4a8be8304c05e1_bacteria,0083,0061,0
-0.2286,Negative,13.941609395831234,interacts with,0.005,False,interacts with,fa5d2b7bc448a32fa9ec8262e24231be_eukaryote (interacts with) 9fc26e6596f0b0189c6b268cc4d8d67b_fungi,fa5d2b7bc448a32fa9ec8262e24231be_eukaryote,9fc26e6596f0b0189c6b268cc4d8d67b_fungi,0093,0062,0
0.2902,Positive,12.907534746436294,interacts with,0.001,False,interacts with,007761694cceb108c141cce8750b23b5_fungi (interacts with) a4830ec2beeeeaef48f6d7f401df4241_fungi,007761694cceb108c141cce8750b23b5_fungi,a4830ec2beeeeaef48f6d7f401df4241_fungi,0073,0063,0
0.435,Positive,9.224516819990532,interacts with,0.001,False,interacts with,007761694cceb108c141cce8750b23b5_fungi (interacts with) 12907f7fde00bb40c358a652d79ffcb6_fungi,007761694cceb108c141cce8750b23b5_fungi,12907f7fde00bb40c358a652d79ffcb6_fungi,0073,0064,0
0.2882,Positive,13.500417648995922,interacts with,0.002,False,interacts with,08abdffc486630512a1123f8c3bdc96c_fungi (interacts with) 12907f7fde00bb40c358a652d79ffcb6_fungi,08abdffc486630512a1123f8c3bdc96c_fungi,12907f7fde00bb40c358a652d79ffcb6_fungi,0176,0064,0
0.2763,Positive,20.92544302614208,interacts with,0.001,False,interacts with,6f919188220b0c82be4439bb63dd189e_fungi (interacts with) 12907f7fde00bb40c358a652d79ffcb6_fungi,6f919188220b0c82be4439bb63dd189e_fungi,12907f7fde00bb40c358a652d79ffcb6_fungi,0222,0064,0
-0.2167,Negative,15.558695275845809,interacts with,0.017,False,interacts with,fa5d2b7bc448a32fa9ec8262e24231be_eukaryote (interacts with) 12907f7fde00bb40c358a652d79ffcb6_fungi,fa5d2b7bc448a32fa9ec8262e24231be_eukaryote,12907f7fde00bb40c358a652d79ffcb6_fungi,0093,0064,0
0.2335,Positive,13.654418618482495,interacts with,0.004,False,interacts with,007761694cceb108c141cce8750b23b5_fungi (interacts with) 89206af4589b68a36b3313e1be7c6448_fungi,007761694cceb108c141cce8750b23b5_fungi,89206af4589b68a36b3313e1be7c6448_fungi,0073,0065,0
0.2608,Positive,11.477728960722722,interacts with,0.001,False,interacts with,08abdffc486630512a1123f8c3bdc96c_fungi (interacts with) 89206af4589b68a36b3313e1be7c6448_fungi,08abdffc486630512a1123f8c3bdc96c_fungi,89206af4589b68a36b3313e1be7c6448_fungi,0176,0065,0
0.2068,Positive,15.20677937054776,interacts with,0.016,False,interacts with,cc72eaa86c2be573136acdf59cda9fc3_oomycete (interacts with) 89206af4589b68a36b3313e1be7c6448_fungi,cc72eaa86c2be573136acdf59cda9fc3_oomycete,89206af4589b68a36b3313e1be7c6448_fungi,0083,0065,0
0.1694,Positive,12.986031345610291,interacts with,0.037,False,interacts with,5a7fabdfc2b1915ca336712e300eb727_eukaryote (interacts with) 89206af4589b68a36b3313e1be7c6448_fungi,5a7fabdfc2b1915ca336712e300eb727_eukaryote,89206af4589b68a36b3313e1be7c6448_fungi,0127,0065,0
0.2053,Positive,13.83042888360736,interacts with,0.006,False,interacts with,007761694cceb108c141cce8750b23b5_fungi (interacts with) a7139639bff5f1aef5393ef551b3b953_fungi,007761694cceb108c141cce8750b23b5_fungi,a7139639bff5f1aef5393ef551b3b953_fungi,0073,0200,0
0.1836,Positive,16.643960458727573,interacts with,0.024,False,interacts with,6f919188220b0c82be4439bb63dd189e_fungi (interacts with) a7139639bff5f1aef5393ef551b3b953_fungi,6f919188220b0c82be4439bb63dd189e_fungi,a7139639bff5f1aef5393ef551b3b953_fungi,0222,0200,0
0.1955,Positive,14.512901968435193,interacts with,0.009,False,interacts with,007761694cceb108c141cce8750b23b5_fungi (interacts with) e02440bc2cf2fbd51ab6c6a48c297786_fungi,007761694cceb108c141cce8750b23b5_fungi,e02440bc2cf2fbd51ab6c6a48c297786_fungi,0073,0170,0
0.2634,Positive,13.31540744104853,interacts with,0.004,False,interacts with,007761694cceb108c141cce8750b23b5_fungi (interacts with) 38602a6800aaaa7afecb0bb60fbab974_fungi,007761694cceb108c141cce8750b23b5_fungi,38602a6800aaaa7afecb0bb60fbab974_fungi,0073,0171,0
0.3486,Positive,13.537443938683571,interacts with,0.001,False,interacts with,08abdffc486630512a1123f8c3bdc96c_fungi (interacts with) 38602a6800aaaa7afecb0bb60fbab974_fungi,08abdffc486630512a1123f8c3bdc96c_fungi,38602a6800aaaa7afecb0bb60fbab974_fungi,0176,0171,0
0.2412,Positive,15.050632742384442,interacts with,0.004,False,interacts with,6f919188220b0c82be4439bb63dd189e_fungi (interacts with) 38602a6800aaaa7afecb0bb60fbab974_fungi,6f919188220b0c82be4439bb63dd189e_fungi,38602a6800aaaa7afecb0bb60fbab974_fungi,0222,0171,0
0.2156,Positive,12.281612741352887,interacts with,0.012,False,interacts with,007761694cceb108c141cce8750b23b5_fungi (interacts with) d7a05ca6b0cf4959a1d5af8842fb78fa_fungi,007761694cceb108c141cce8750b23b5_fungi,d7a05ca6b0cf4959a1d5af8842fb78fa_fungi,0073,0066,0
0.1778,Positive,13.859475194256191,interacts with,0.012,False,interacts with,08abdffc486630512a1123f8c3bdc96c_fungi (interacts with) d7a05ca6b0cf4959a1d5af8842fb78fa_fungi,08abdffc486630512a1123f8c3bdc96c_fungi,d7a05ca6b0cf4959a1d5af8842fb78fa_fungi,0176,0066,0
-0.2225,Negative,10.098507403630297,interacts with,0.01,False,interacts with,fa5d2b7bc448a32fa9ec8262e24231be_eukaryote (interacts with) d7a05ca6b0cf4959a1d5af8842fb78fa_fungi,fa5d2b7bc448a32fa9ec8262e24231be_eukaryote,d7a05ca6b0cf4959a1d5af8842fb78fa_fungi,0093,0066,0
0.1893,Positive,12.959824931584604,interacts with,0.008,False,interacts with,007761694cceb108c141cce8750b23b5_fungi (interacts with) 9561dff2fb67039404a8a5d6c669959c_fungi,007761694cceb108c141cce8750b23b5_fungi,9561dff2fb67039404a8a5d6c669959c_fungi,0073,0067,0
0.1585,Positive,13.098139978398311,interacts with,0.03,False,interacts with,08abdffc486630512a1123f8c3bdc96c_fungi (interacts with) 9561dff2fb67039404a8a5d6c669959c_fungi,08abdffc486630512a1123f8c3bdc96c_fungi,9561dff2fb67039404a8a5d6c669959c_fungi,0176,0067,0
0.1599,Positive,10.199770496434857,interacts with,0.048,False,interacts with,cc72eaa86c2be573136acdf59cda9fc3_oomycete (interacts with) 9561dff2fb67039404a8a5d6c669959c_fungi,cc72eaa86c2be573136acdf59cda9fc3_oomycete,9561dff2fb67039404a8a5d6c669959c_fungi,0083,0067,0
0.2622,Positive,11.77971059111555,interacts with,0.001,False,interacts with,5a7fabdfc2b1915ca336712e300eb727_eukaryote (interacts with) 9561dff2fb67039404a8a5d6c669959c_fungi,5a7fabdfc2b1915ca336712e300eb727_eukaryote,9561dff2fb67039404a8a5d6c669959c_fungi,0127,0067,0
0.3533,Positive,13.697606961431438,interacts with,0.001,False,interacts with,007761694cceb108c141cce8750b23b5_fungi (interacts with) 9a06988e426d7ef4663c568dcd331ca0_fungi,007761694cceb108c141cce8750b23b5_fungi,9a06988e426d7ef4663c568dcd331ca0_fungi,0073,0068,0
0.3418,Positive,12.131528084034995,interacts with,0.001,False,interacts with,08abdffc486630512a1123f8c3bdc96c_fungi (interacts with) 9a06988e426d7ef4663c568dcd331ca0_fungi,08abdffc486630512a1123f8c3bdc96c_fungi,9a06988e426d7ef4663c568dcd331ca0_fungi,0176,0068,0
0.323,Positive,17.397846489022953,interacts with,0.001,False,interacts with,6f919188220b0c82be4439bb63dd189e_fungi (interacts with) 9a06988e426d7ef4663c568dcd331ca0_fungi,6f919188220b0c82be4439bb63dd189e_fungi,9a06988e426d7ef4663c568dcd331ca0_fungi,0222,0068,0
0.2385,Positive,11.748010538123683,interacts with,0.006,False,interacts with,08abdffc486630512a1123f8c3bdc96c_fungi (interacts with) 16010d640ae1f9ef8b46d9778d31166d_fungi,08abdffc486630512a1123f8c3bdc96c_fungi,16010d640ae1f9ef8b46d9778d31166d_fungi,0176,0069,0
0.5075,Positive,8.903970099629046,interacts with,0.001,False,interacts with,007761694cceb108c141cce8750b23b5_fungi (interacts with) 6dec4a7642385d3256e7c0ab2c05366d_fungi,007761694cceb108c141cce8750b23b5_fungi,6dec4a7642385d3256e7c0ab2c05366d_fungi,0073,0070,0
0.3218,Positive,11.08296807660315,interacts with,0.001,False,interacts with,08abdffc486630512a1123f8c3bdc96c_fungi (interacts with) 6dec4a7642385d3256e7c0ab2c05366d_fungi,08abdffc486630512a1123f8c3bdc96c_fungi,6dec4a7642385d3256e7c0ab2c05366d_fungi,0176,0070,0
0.3103,Positive,19.125782320011684,interacts with,0.001,False,interacts with,6f919188220b0c82be4439bb63dd189e_fungi (interacts with) 6dec4a7642385d3256e7c0ab2c05366d_fungi,6f919188220b0c82be4439bb63dd189e_fungi,6dec4a7642385d3256e7c0ab2c05366d_fungi,0222,0070,0
-0.1671,Negative,14.004078254222318,interacts with,0.05,False,interacts with,cc72eaa86c2be573136acdf59cda9fc3_oomycete (interacts with) 6dec4a7642385d3256e7c0ab2c05366d_fungi,cc72eaa86c2be573136acdf59cda9fc3_oomycete,6dec4a7642385d3256e7c0ab2c05366d_fungi,0083,0070,0
-0.199,Negative,14.70629908434864,interacts with,0.023,False,interacts with,fa5d2b7bc448a32fa9ec8262e24231be_eukaryote (interacts with) 6dec4a7642385d3256e7c0ab2c05366d_fungi,fa5d2b7bc448a32fa9ec8262e24231be_eukaryote,6dec4a7642385d3256e7c0ab2c05366d_fungi,0093,0070,0
0.2977,Positive,12.057399660938565,interacts with,0.001,False,interacts with,007761694cceb108c141cce8750b23b5_fungi (interacts with) 5743cd46a67f26fc2a0a910a35f1b12f_fungi,007761694cceb108c141cce8750b23b5_fungi,5743cd46a67f26fc2a0a910a35f1b12f_fungi,0073,0071,0
0.3963,Positive,10.673408810925867,interacts with,0.001,False,interacts with,007761694cceb108c141cce8750b23b5_fungi (interacts with) d4ced3fcf757696111ad371371ff4cce_fungi,007761694cceb108c141cce8750b23b5_fungi,d4ced3fcf757696111ad371371ff4cce_fungi,0073,0072,0
0.1701,Positive,15.62288826962449,interacts with,0.021,False,interacts with,08abdffc486630512a1123f8c3bdc96c_fungi (interacts with) d4ced3fcf757696111ad371371ff4cce_fungi,08abdffc486630512a1123f8c3bdc96c_fungi,d4ced3fcf757696111ad371371ff4cce_fungi,0176,0072,0
0.2707,Positive,24.058822031302324,interacts with,0.001,False,interacts with,6f919188220b0c82be4439bb63dd189e_fungi (interacts with) d4ced3fcf757696111ad371371ff4cce_fungi,6f919188220b0c82be4439bb63dd189e_fungi,d4ced3fcf757696111ad371371ff4cce_fungi,0222,0072,0
-0.1887,Negative,14.343456061386696,interacts with,0.024,False,interacts with,fa5d2b7bc448a32fa9ec8262e24231be_eukaryote (interacts with) d4ced3fcf757696111ad371371ff4cce_fungi,fa5d2b7bc448a32fa9ec8262e24231be_eukaryote,d4ced3fcf757696111ad371371ff4cce_fungi,0093,0072,0
0.205,Positive,24.12637219787213,interacts with,0.014,False,interacts with,cc72eaa86c2be573136acdf59cda9fc3_oomycete (interacts with) 228f3cd62dcd0e0ca5e463f2342f1f82_fungi,cc72eaa86c2be573136acdf59cda9fc3_oomycete,228f3cd62dcd0e0ca5e463f2342f1f82_fungi,0083,0229,0
0.4089,Positive,10.17082230581894,interacts with,0.001,False,interacts with,55d3ffaf20a40a432de7989e6d6d5a00_fungi (interacts with) 007761694cceb108c141cce8750b23b5_fungi,55d3ffaf20a40a432de7989e6d6d5a00_fungi,007761694cceb108c141cce8750b23b5_fungi,0252,0073,0
0.2544,Positive,11.926978544543246,interacts with,0.001,False,interacts with,c0a6013edcd750f053a34cc2e955055c_fungi (interacts with) 007761694cceb108c141cce8750b23b5_fungi,c0a6013edcd750f053a34cc2e955055c_fungi,007761694cceb108c141cce8750b23b5_fungi,0172,0073,0
0.1618,Positive,13.269332722590006,interacts with,0.03,False,interacts with,feaca0edcf1a23c916e8a5a15e251c00_fungi (interacts with) 007761694cceb108c141cce8750b23b5_fungi,feaca0edcf1a23c916e8a5a15e251c00_fungi,007761694cceb108c141cce8750b23b5_fungi,0236,0073,0
0.1768,Positive,15.314053766953435,interacts with,0.032,False,interacts with,84b78558c3c317566a13f29ab950da23_fungi (interacts with) 007761694cceb108c141cce8750b23b5_fungi,84b78558c3c317566a13f29ab950da23_fungi,007761694cceb108c141cce8750b23b5_fungi,0201,0073,0
0.3093,Positive,14.93979111700765,interacts with,0.001,False,interacts with,4745af0659fd8962bab4c6f134456248_fungi (interacts with) 007761694cceb108c141cce8750b23b5_fungi,4745af0659fd8962bab4c6f134456248_fungi,007761694cceb108c141cce8750b23b5_fungi,0122,0073,0
-0.209,Negative,17.45597967697987,interacts with,0.003,False,interacts with,92b9c83064618f3fa4cc6f518011a93f_fungi (interacts with) 007761694cceb108c141cce8750b23b5_fungi,92b9c83064618f3fa4cc6f518011a93f_fungi,007761694cceb108c141cce8750b23b5_fungi,0075,0073,0
0.2346,Positive,11.204878509954034,interacts with,0.002,False,interacts with,45072f0f90af585d84d9e8b285570885_fungi (interacts with) 007761694cceb108c141cce8750b23b5_fungi,45072f0f90af585d84d9e8b285570885_fungi,007761694cceb108c141cce8750b23b5_fungi,0076,0073,0
0.3076,Positive,18.088994144830057,interacts with,0.001,False,interacts with,cd6040e6b124b405e0a57b6b2bc182a8_fungi (interacts with) 007761694cceb108c141cce8750b23b5_fungi,cd6040e6b124b405e0a57b6b2bc182a8_fungi,007761694cceb108c141cce8750b23b5_fungi,0203,0073,0
0.2296,Positive,14.034878259919862,interacts with,0.003,False,interacts with,d8f0bf7bd6bfed38440976deac1053de_fungi (interacts with) 007761694cceb108c141cce8750b23b5_fungi,d8f0bf7bd6bfed38440976deac1053de_fungi,007761694cceb108c141cce8750b23b5_fungi,0204,0073,0
0.1422,Positive,18.21808260214028,interacts with,0.033,False,interacts with,e13eae7ac33ca345b3e22b971ecb92b4_fungi (interacts with) 007761694cceb108c141cce8750b23b5_fungi,e13eae7ac33ca345b3e22b971ecb92b4_fungi,007761694cceb108c141cce8750b23b5_fungi,0205,0073,0
0.1709,Positive,15.439289125830609,interacts with,0.019,False,interacts with,573058e00737be3571135b4901715a5b_fungi (interacts with) 007761694cceb108c141cce8750b23b5_fungi,573058e00737be3571135b4901715a5b_fungi,007761694cceb108c141cce8750b23b5_fungi,0077,0073,0
0.1698,Positive,12.687879548338968,interacts with,0.022,False,interacts with,b5b89cca5a0cb0c01db814cb6f693f9f_fungi (interacts with) 007761694cceb108c141cce8750b23b5_fungi,b5b89cca5a0cb0c01db814cb6f693f9f_fungi,007761694cceb108c141cce8750b23b5_fungi,0079,0073,0
0.187,Positive,11.119105332879728,interacts with,0.015,False,interacts with,08abdffc486630512a1123f8c3bdc96c_fungi (interacts with) 007761694cceb108c141cce8750b23b5_fungi,08abdffc486630512a1123f8c3bdc96c_fungi,007761694cceb108c141cce8750b23b5_fungi,0176,0073,0
0.2365,Positive,15.755501195907032,interacts with,0.005,False,interacts with,6f919188220b0c82be4439bb63dd189e_fungi (interacts with) 007761694cceb108c141cce8750b23b5_fungi,6f919188220b0c82be4439bb63dd189e_fungi,007761694cceb108c141cce8750b23b5_fungi,0222,0073,0
0.1862,Positive,16.907081892723006,interacts with,0.012,False,interacts with,f7f2a2faaaee104be5ea5a7d5484aacf_fungi (interacts with) 007761694cceb108c141cce8750b23b5_fungi,f7f2a2faaaee104be5ea5a7d5484aacf_fungi,007761694cceb108c141cce8750b23b5_fungi,0249,0073,0
0.3291,Positive,11.580713901869862,interacts with,0.001,False,interacts with,5f279c746c8e0dc1b9305887f0cbae5a_fungi (interacts with) 007761694cceb108c141cce8750b23b5_fungi,5f279c746c8e0dc1b9305887f0cbae5a_fungi,007761694cceb108c141cce8750b23b5_fungi,0080,0073,0
0.1905,Positive,16.671104968344125,interacts with,0.011,False,interacts with,dcd80134a421ba1ee39910e372a24a74_fungi (interacts with) 007761694cceb108c141cce8750b23b5_fungi,dcd80134a421ba1ee39910e372a24a74_fungi,007761694cceb108c141cce8750b23b5_fungi,0206,0073,0
-0.1617,Negative,15.843104426939808,interacts with,0.033,False,interacts with,2b58ac3373c047a1eebbf7a75e2e0552_fungi (interacts with) 007761694cceb108c141cce8750b23b5_fungi,2b58ac3373c047a1eebbf7a75e2e0552_fungi,007761694cceb108c141cce8750b23b5_fungi,0124,0073,0
0.1688,Positive,11.552899031958704,interacts with,0.03,False,interacts with,893838c627554dd7258f3ac3e024dfe2_fungi (interacts with) 007761694cceb108c141cce8750b23b5_fungi,893838c627554dd7258f3ac3e024dfe2_fungi,007761694cceb108c141cce8750b23b5_fungi,0180,0073,0
0.1859,Positive,15.808389124299064,interacts with,0.012,False,interacts with,99f992144830d91fd450ab2e67bcead5_fungi (interacts with) 007761694cceb108c141cce8750b23b5_fungi,99f992144830d91fd450ab2e67bcead5_fungi,007761694cceb108c141cce8750b23b5_fungi,0243,0073,0
0.2006,Positive,11.996796100328504,interacts with,0.003,False,interacts with,bb0bac95bc47602168f4048966f9be02_fungi (interacts with) 007761694cceb108c141cce8750b23b5_fungi,bb0bac95bc47602168f4048966f9be02_fungi,007761694cceb108c141cce8750b23b5_fungi,0183,0073,0
0.1892,Positive,17.704834774085054,interacts with,0.007,False,interacts with,8785fbcd8cc239f3cbcfc81f423115d0_fungi (interacts with) 007761694cceb108c141cce8750b23b5_fungi,8785fbcd8cc239f3cbcfc81f423115d0_fungi,007761694cceb108c141cce8750b23b5_fungi,0238,0073,0
-0.1971,Negative,13.166003135568763,interacts with,0.016,False,interacts with,9a72d97ba542c0d4c87ab583eb06188b_oomycete (interacts with) 007761694cceb108c141cce8750b23b5_fungi,9a72d97ba542c0d4c87ab583eb06188b_oomycete,007761694cceb108c141cce8750b23b5_fungi,0184,0073,0
-0.2398,Negative,14.796036309765665,interacts with,0.005,False,interacts with,1f97c28f91d9a257362352f7c2958eb5_eukaryote (interacts with) 007761694cceb108c141cce8750b23b5_fungi,1f97c28f91d9a257362352f7c2958eb5_eukaryote,007761694cceb108c141cce8750b23b5_fungi,0086,0073,0
-0.158,Negative,15.132508429896788,interacts with,0.024,False,interacts with,d6e7187575c837cc355b39cb4c72f1b7_eukaryote (interacts with) 007761694cceb108c141cce8750b23b5_fungi,d6e7187575c837cc355b39cb4c72f1b7_eukaryote,007761694cceb108c141cce8750b23b5_fungi,0139,0073,0
-0.1525,Negative,15.577008712784124,interacts with,0.045,False,interacts with,416ebed6f40ce92fda977416ca373220_eukaryote (interacts with) 007761694cceb108c141cce8750b23b5_fungi,416ebed6f40ce92fda977416ca373220_eukaryote,007761694cceb108c141cce8750b23b5_fungi,0094,0073,0
0.1668,Positive,29.13089248003505,interacts with,0.041,False,interacts with,acc6f82c660def2e2f383dfb4f075933_eukaryote (interacts with) 007761694cceb108c141cce8750b23b5_fungi,acc6f82c660def2e2f383dfb4f075933_eukaryote,007761694cceb108c141cce8750b23b5_fungi,0257,0073,0
0.1675,Positive,19.44081445043517,interacts with,0.047,False,interacts with,6296e399d6b6f58b22cb3ffc96a1bcfe_eukaryote (interacts with) 007761694cceb108c141cce8750b23b5_fungi,6296e399d6b6f58b22cb3ffc96a1bcfe_eukaryote,007761694cceb108c141cce8750b23b5_fungi,0148,0073,0
-0.153,Negative,14.266093816696754,interacts with,0.035,False,interacts with,c42c09f149cbb96ab465fe8b2be206c3_eukaryote (interacts with) 007761694cceb108c141cce8750b23b5_fungi,c42c09f149cbb96ab465fe8b2be206c3_eukaryote,007761694cceb108c141cce8750b23b5_fungi,0096,0073,0
-0.1705,Negative,17.867129072723724,interacts with,0.016,False,interacts with,f02abee84a8b31c4281aa2fb6bd58349_eukaryote (interacts with) 007761694cceb108c141cce8750b23b5_fungi,f02abee84a8b31c4281aa2fb6bd58349_eukaryote,007761694cceb108c141cce8750b23b5_fungi,0097,0073,0
-0.1366,Negative,14.693705857718884,interacts with,0.038,False,interacts with,a0026d509095158fccba24e0a4c3ef6e_eukaryote (interacts with) 007761694cceb108c141cce8750b23b5_fungi,a0026d509095158fccba24e0a4c3ef6e_eukaryote,007761694cceb108c141cce8750b23b5_fungi,0099,0073,0
0.1344,Positive,19.14710335529209,interacts with,0.05,False,interacts with,45c7f51c370529e7a0ec2dab53933053_eukaryote (interacts with) 007761694cceb108c141cce8750b23b5_fungi,45c7f51c370529e7a0ec2dab53933053_eukaryote,007761694cceb108c141cce8750b23b5_fungi,0245,0073,0
0.291,Positive,10.585440836285011,interacts with,0.001,False,interacts with,08abdffc486630512a1123f8c3bdc96c_fungi (interacts with) 55d3ffaf20a40a432de7989e6d6d5a00_fungi,08abdffc486630512a1123f8c3bdc96c_fungi,55d3ffaf20a40a432de7989e6d6d5a00_fungi,0176,0252,0
0.2685,Positive,13.282381562366078,interacts with,0.001,False,interacts with,6f919188220b0c82be4439bb63dd189e_fungi (interacts with) 55d3ffaf20a40a432de7989e6d6d5a00_fungi,6f919188220b0c82be4439bb63dd189e_fungi,55d3ffaf20a40a432de7989e6d6d5a00_fungi,0222,0252,0
0.1968,Positive,10.93838646064477,interacts with,0.008,False,interacts with,08abdffc486630512a1123f8c3bdc96c_fungi (interacts with) c0a6013edcd750f053a34cc2e955055c_fungi,08abdffc486630512a1123f8c3bdc96c_fungi,c0a6013edcd750f053a34cc2e955055c_fungi,0176,0172,0
0.2399,Positive,17.077594247822564,interacts with,0.003,False,interacts with,08abdffc486630512a1123f8c3bdc96c_fungi (interacts with) 25f16fb9e13dc11d9cdb2563441d93ea_fungi,08abdffc486630512a1123f8c3bdc96c_fungi,25f16fb9e13dc11d9cdb2563441d93ea_fungi,0176,0074,0
0.2138,Positive,12.29393489884993,interacts with,0.008,False,interacts with,cc72eaa86c2be573136acdf59cda9fc3_oomycete (interacts with) 25f16fb9e13dc11d9cdb2563441d93ea_fungi,cc72eaa86c2be573136acdf59cda9fc3_oomycete,25f16fb9e13dc11d9cdb2563441d93ea_fungi,0083,0074,0
0.1904,Positive,15.213953708732276,interacts with,0.012,False,interacts with,5a7fabdfc2b1915ca336712e300eb727_eukaryote (interacts with) 25f16fb9e13dc11d9cdb2563441d93ea_fungi,5a7fabdfc2b1915ca336712e300eb727_eukaryote,25f16fb9e13dc11d9cdb2563441d93ea_fungi,0127,0074,0
0.1587,Positive,12.0105652509816,interacts with,0.024,False,interacts with,08abdffc486630512a1123f8c3bdc96c_fungi (interacts with) feaca0edcf1a23c916e8a5a15e251c00_fungi,08abdffc486630512a1123f8c3bdc96c_fungi,feaca0edcf1a23c916e8a5a15e251c00_fungi,0176,0236,0
0.1579,Positive,15.831803135393784,interacts with,0.045,False,interacts with,6f919188220b0c82be4439bb63dd189e_fungi (interacts with) feaca0edcf1a23c916e8a5a15e251c00_fungi,6f919188220b0c82be4439bb63dd189e_fungi,feaca0edcf1a23c916e8a5a15e251c00_fungi,0222,0236,0
-0.3172,Negative,11.968449694991389,interacts with,0.001,False,interacts with,cc72eaa86c2be573136acdf59cda9fc3_oomycete (interacts with) 84b78558c3c317566a13f29ab950da23_fungi,cc72eaa86c2be573136acdf59cda9fc3_oomycete,84b78558c3c317566a13f29ab950da23_fungi,0083,0201,0
0.2221,Positive,14.246824749874328,interacts with,0.001,False,interacts with,08abdffc486630512a1123f8c3bdc96c_fungi (interacts with) 4745af0659fd8962bab4c6f134456248_fungi,08abdffc486630512a1123f8c3bdc96c_fungi,4745af0659fd8962bab4c6f134456248_fungi,0176,0122,0
0.1577,Positive,15.841409690726554,interacts with,0.047,False,interacts with,6f919188220b0c82be4439bb63dd189e_fungi (interacts with) 4745af0659fd8962bab4c6f134456248_fungi,6f919188220b0c82be4439bb63dd189e_fungi,4745af0659fd8962bab4c6f134456248_fungi,0222,0122,0
0.1362,Positive,25.021433074263253,interacts with,0.05,False,interacts with,5a7fabdfc2b1915ca336712e300eb727_eukaryote (interacts with) 886658e8f5f92525a3beccfa72774999_fungi,5a7fabdfc2b1915ca336712e300eb727_eukaryote,886658e8f5f92525a3beccfa72774999_fungi,0127,0230,0
0.3349,Positive,11.821919724053712,interacts with,0.001,False,interacts with,08abdffc486630512a1123f8c3bdc96c_fungi (interacts with) 45072f0f90af585d84d9e8b285570885_fungi,08abdffc486630512a1123f8c3bdc96c_fungi,45072f0f90af585d84d9e8b285570885_fungi,0176,0076,0
0.2705,Positive,19.28438257082637,interacts with,0.002,False,interacts with,6f919188220b0c82be4439bb63dd189e_fungi (interacts with) 45072f0f90af585d84d9e8b285570885_fungi,6f919188220b0c82be4439bb63dd189e_fungi,45072f0f90af585d84d9e8b285570885_fungi,0222,0076,0
-0.2546,Negative,13.80707266669229,interacts with,0.002,False,interacts with,fa5d2b7bc448a32fa9ec8262e24231be_eukaryote (interacts with) 45072f0f90af585d84d9e8b285570885_fungi,fa5d2b7bc448a32fa9ec8262e24231be_eukaryote,45072f0f90af585d84d9e8b285570885_fungi,0093,0076,0
-0.3381,Negative,10.22628955309789,interacts with,0.001,False,interacts with,cc72eaa86c2be573136acdf59cda9fc3_oomycete (interacts with) 1bea8020d2c9d588ad86b87a8f8065e8_fungi,cc72eaa86c2be573136acdf59cda9fc3_oomycete,1bea8020d2c9d588ad86b87a8f8065e8_fungi,0083,0202,0
-0.2826,Negative,17.06725547941653,interacts with,0.001,False,interacts with,cc72eaa86c2be573136acdf59cda9fc3_oomycete (interacts with) cd6040e6b124b405e0a57b6b2bc182a8_fungi,cc72eaa86c2be573136acdf59cda9fc3_oomycete,cd6040e6b124b405e0a57b6b2bc182a8_fungi,0083,0203,0
0.1617,Positive,12.6479098844997,interacts with,0.023,False,interacts with,5a7fabdfc2b1915ca336712e300eb727_eukaryote (interacts with) c99c3c0cde268c3acc40ddb4ca470d52_fungi,5a7fabdfc2b1915ca336712e300eb727_eukaryote,c99c3c0cde268c3acc40ddb4ca470d52_fungi,0127,0173,0
0.1891,Positive,19.37892956773761,interacts with,0.01,False,interacts with,6f919188220b0c82be4439bb63dd189e_fungi (interacts with) d8f0bf7bd6bfed38440976deac1053de_fungi,6f919188220b0c82be4439bb63dd189e_fungi,d8f0bf7bd6bfed38440976deac1053de_fungi,0222,0204,0
-0.2054,Negative,13.396477947688624,interacts with,0.014,False,interacts with,cc72eaa86c2be573136acdf59cda9fc3_oomycete (interacts with) d8f0bf7bd6bfed38440976deac1053de_fungi,cc72eaa86c2be573136acdf59cda9fc3_oomycete,d8f0bf7bd6bfed38440976deac1053de_fungi,0083,0204,0
-0.2648,Negative,15.848240900338563,interacts with,0.004,False,interacts with,5a7fabdfc2b1915ca336712e300eb727_eukaryote (interacts with) d8f0bf7bd6bfed38440976deac1053de_fungi,5a7fabdfc2b1915ca336712e300eb727_eukaryote,d8f0bf7bd6bfed38440976deac1053de_fungi,0127,0204,0
0.1502,Positive,25.79444117583144,interacts with,0.034,False,interacts with,6f919188220b0c82be4439bb63dd189e_fungi (interacts with) e13eae7ac33ca345b3e22b971ecb92b4_fungi,6f919188220b0c82be4439bb63dd189e_fungi,e13eae7ac33ca345b3e22b971ecb92b4_fungi,0222,0205,0
0.132,Positive,16.300688200688196,interacts with,0.049,False,interacts with,6f919188220b0c82be4439bb63dd189e_fungi (interacts with) da72d280b2793b20ddca69333811f416_fungi,6f919188220b0c82be4439bb63dd189e_fungi,da72d280b2793b20ddca69333811f416_fungi,0222,0240,0
0.1449,Positive,15.907507908897353,interacts with,0.039,False,interacts with,08abdffc486630512a1123f8c3bdc96c_fungi (interacts with) 573058e00737be3571135b4901715a5b_fungi,08abdffc486630512a1123f8c3bdc96c_fungi,573058e00737be3571135b4901715a5b_fungi,0176,0077,0
0.234,Positive,13.076432462440287,interacts with,0.002,False,interacts with,5a7fabdfc2b1915ca336712e300eb727_eukaryote (interacts with) 573058e00737be3571135b4901715a5b_fungi,5a7fabdfc2b1915ca336712e300eb727_eukaryote,573058e00737be3571135b4901715a5b_fungi,0127,0077,0
0.2867,Positive,11.627986239605358,interacts with,0.001,False,interacts with,08abdffc486630512a1123f8c3bdc96c_fungi (interacts with) 01355d320b33ddf29a77579fe487ee60_fungi,08abdffc486630512a1123f8c3bdc96c_fungi,01355d320b33ddf29a77579fe487ee60_fungi,0176,0078,0
0.2391,Positive,9.790289045199192,interacts with,0.003,False,interacts with,cc72eaa86c2be573136acdf59cda9fc3_oomycete (interacts with) 01355d320b33ddf29a77579fe487ee60_fungi,cc72eaa86c2be573136acdf59cda9fc3_oomycete,01355d320b33ddf29a77579fe487ee60_fungi,0083,0078,0
0.2347,Positive,11.656202539693629,interacts with,0.004,False,interacts with,5a7fabdfc2b1915ca336712e300eb727_eukaryote (interacts with) 01355d320b33ddf29a77579fe487ee60_fungi,5a7fabdfc2b1915ca336712e300eb727_eukaryote,01355d320b33ddf29a77579fe487ee60_fungi,0127,0078,0
0.1675,Positive,11.877217637208638,interacts with,0.031,False,interacts with,cc72eaa86c2be573136acdf59cda9fc3_oomycete (interacts with) 3594bd84689e1249077661feb03ed8ba_fungi,cc72eaa86c2be573136acdf59cda9fc3_oomycete,3594bd84689e1249077661feb03ed8ba_fungi,0083,0175,0
0.208,Positive,13.553161611816115,interacts with,0.004,False,interacts with,5a7fabdfc2b1915ca336712e300eb727_eukaryote (interacts with) 3594bd84689e1249077661feb03ed8ba_fungi,5a7fabdfc2b1915ca336712e300eb727_eukaryote,3594bd84689e1249077661feb03ed8ba_fungi,0127,0175,0
0.2043,Positive,12.50016266499737,interacts with,0.004,False,interacts with,08abdffc486630512a1123f8c3bdc96c_fungi (interacts with) b5b89cca5a0cb0c01db814cb6f693f9f_fungi,08abdffc486630512a1123f8c3bdc96c_fungi,b5b89cca5a0cb0c01db814cb6f693f9f_fungi,0176,0079,0
0.198,Positive,12.13648354814502,interacts with,0.012,False,interacts with,5a7fabdfc2b1915ca336712e300eb727_eukaryote (interacts with) b5b89cca5a0cb0c01db814cb6f693f9f_fungi,5a7fabdfc2b1915ca336712e300eb727_eukaryote,b5b89cca5a0cb0c01db814cb6f693f9f_fungi,0127,0079,0
0.3178,Positive,14.214126104373772,interacts with,0.001,False,interacts with,6f919188220b0c82be4439bb63dd189e_fungi (interacts with) 08abdffc486630512a1123f8c3bdc96c_fungi,6f919188220b0c82be4439bb63dd189e_fungi,08abdffc486630512a1123f8c3bdc96c_fungi,0222,0176,0
0.309,Positive,9.747175130408696,interacts with,0.001,False,interacts with,f399f80a36b7b63e3071e1397d106116_fungi (interacts with) 08abdffc486630512a1123f8c3bdc96c_fungi,f399f80a36b7b63e3071e1397d106116_fungi,08abdffc486630512a1123f8c3bdc96c_fungi,0179,0176,0
0.3234,Positive,10.929468476120672,interacts with,0.001,False,interacts with,bc4dcedbb783ae6fa7d42e19730bbd6a_fungi (interacts with) 08abdffc486630512a1123f8c3bdc96c_fungi,bc4dcedbb783ae6fa7d42e19730bbd6a_fungi,08abdffc486630512a1123f8c3bdc96c_fungi,0138,0176,0
0.2143,Positive,15.507190563969909,interacts with,0.004,False,interacts with,99f992144830d91fd450ab2e67bcead5_fungi (interacts with) 08abdffc486630512a1123f8c3bdc96c_fungi,99f992144830d91fd450ab2e67bcead5_fungi,08abdffc486630512a1123f8c3bdc96c_fungi,0243,0176,0
0.2538,Positive,10.253722313886785,interacts with,0.002,False,interacts with,bb0bac95bc47602168f4048966f9be02_fungi (interacts with) 08abdffc486630512a1123f8c3bdc96c_fungi,bb0bac95bc47602168f4048966f9be02_fungi,08abdffc486630512a1123f8c3bdc96c_fungi,0183,0176,0
0.207,Positive,15.54711554355517,interacts with,0.003,False,interacts with,223c70ea1023264b0e955d86276fac55_fungi (interacts with) 08abdffc486630512a1123f8c3bdc96c_fungi,223c70ea1023264b0e955d86276fac55_fungi,08abdffc486630512a1123f8c3bdc96c_fungi,0224,0176,0
0.1871,Positive,13.971520616345808,interacts with,0.007,False,interacts with,8785fbcd8cc239f3cbcfc81f423115d0_fungi (interacts with) 08abdffc486630512a1123f8c3bdc96c_fungi,8785fbcd8cc239f3cbcfc81f423115d0_fungi,08abdffc486630512a1123f8c3bdc96c_fungi,0238,0176,0
0.1593,Positive,13.610481121126496,interacts with,0.044,False,interacts with,cc72eaa86c2be573136acdf59cda9fc3_oomycete (interacts with) 08abdffc486630512a1123f8c3bdc96c_fungi,cc72eaa86c2be573136acdf59cda9fc3_oomycete,08abdffc486630512a1123f8c3bdc96c_fungi,0083,0176,1
0.2336,Positive,11.303640028964278,interacts with,0.002,False,interacts with,5a7fabdfc2b1915ca336712e300eb727_eukaryote (interacts with) 08abdffc486630512a1123f8c3bdc96c_fungi,5a7fabdfc2b1915ca336712e300eb727_eukaryote,08abdffc486630512a1123f8c3bdc96c_fungi,0127,0176,1
-0.1667,Negative,14.568675856647053,interacts with,0.032,False,interacts with,2a260e6160f0ac4a2e115072d5b0cd0f_eukaryote (interacts with) 08abdffc486630512a1123f8c3bdc96c_fungi,2a260e6160f0ac4a2e115072d5b0cd0f_eukaryote,08abdffc486630512a1123f8c3bdc96c_fungi,0213,0176,0
-0.1456,Negative,16.119325762683797,interacts with,0.049,False,interacts with,702fdff0087af04a85cb3584b775ba92_eukaryote (interacts with) 08abdffc486630512a1123f8c3bdc96c_fungi,702fdff0087af04a85cb3584b775ba92_eukaryote,08abdffc486630512a1123f8c3bdc96c_fungi,0214,0176,0
-0.2107,Negative,16.238719989137987,interacts with,0.007,False,interacts with,a70b9b48ee3a2f91d38850407dcdcaac_eukaryote (interacts with) 08abdffc486630512a1123f8c3bdc96c_fungi,a70b9b48ee3a2f91d38850407dcdcaac_eukaryote,08abdffc486630512a1123f8c3bdc96c_fungi,0215,0176,0
0.1765,Positive,14.517602756859096,interacts with,0.022,False,interacts with,fa5d2b7bc448a32fa9ec8262e24231be_eukaryote (interacts with) 08abdffc486630512a1123f8c3bdc96c_fungi,fa5d2b7bc448a32fa9ec8262e24231be_eukaryote,08abdffc486630512a1123f8c3bdc96c_fungi,0093,0176,0
0.1514,Positive,12.144458170990005,interacts with,0.036,False,interacts with,09248793722288a010ac7f729c00643e_eukaryote (interacts with) 08abdffc486630512a1123f8c3bdc96c_fungi,09248793722288a010ac7f729c00643e_eukaryote,08abdffc486630512a1123f8c3bdc96c_fungi,0185,0176,0
0.1716,Positive,12.989132941685618,interacts with,0.017,False,interacts with,5c71206f2fadd330c5295bb2b8e24c9d_eukaryote (interacts with) 08abdffc486630512a1123f8c3bdc96c_fungi,5c71206f2fadd330c5295bb2b8e24c9d_eukaryote,08abdffc486630512a1123f8c3bdc96c_fungi,0140,0176,0
-0.1322,Negative,14.508699122005265,interacts with,0.04,False,interacts with,3c491ac457174deda16980612d97ab4f_eukaryote (interacts with) 08abdffc486630512a1123f8c3bdc96c_fungi,3c491ac457174deda16980612d97ab4f_eukaryote,08abdffc486630512a1123f8c3bdc96c_fungi,0186,0176,0
-0.2727,Negative,14.163248071513788,interacts with,0.001,False,interacts with,6296e399d6b6f58b22cb3ffc96a1bcfe_eukaryote (interacts with) 08abdffc486630512a1123f8c3bdc96c_fungi,6296e399d6b6f58b22cb3ffc96a1bcfe_eukaryote,08abdffc486630512a1123f8c3bdc96c_fungi,0148,0176,0
-0.1342,Negative,17.217125813362593,interacts with,0.043,False,interacts with,18f83f1b38e7d46908c0805e2c1960e4_eukaryote (interacts with) 08abdffc486630512a1123f8c3bdc96c_fungi,18f83f1b38e7d46908c0805e2c1960e4_eukaryote,08abdffc486630512a1123f8c3bdc96c_fungi,0217,0176,0
0.1955,Positive,10.5793912176191,interacts with,0.003,False,interacts with,4f8eec0fd883c3c151fb5dce569f8dc0_eukaryote (interacts with) 08abdffc486630512a1123f8c3bdc96c_fungi,4f8eec0fd883c3c151fb5dce569f8dc0_eukaryote,08abdffc486630512a1123f8c3bdc96c_fungi,0225,0176,0
0.1413,Positive,16.78857108587743,interacts with,0.025,False,interacts with,f02abee84a8b31c4281aa2fb6bd58349_eukaryote (interacts with) 08abdffc486630512a1123f8c3bdc96c_fungi,f02abee84a8b31c4281aa2fb6bd58349_eukaryote,08abdffc486630512a1123f8c3bdc96c_fungi,0097,0176,0
0.2099,Positive,14.57302343386895,interacts with,0.003,False,interacts with,d56db645940d7263cd904f96f3e2258f_eukaryote (interacts with) 08abdffc486630512a1123f8c3bdc96c_fungi,d56db645940d7263cd904f96f3e2258f_eukaryote,08abdffc486630512a1123f8c3bdc96c_fungi,0142,0176,0
-0.1413,Negative,20.792870830005143,interacts with,0.045,False,interacts with,980fd6278b58656a704d9d0db1f6d1fd_fungi (interacts with) 6f919188220b0c82be4439bb63dd189e_fungi,980fd6278b58656a704d9d0db1f6d1fd_fungi,6f919188220b0c82be4439bb63dd189e_fungi,0177,0222,0
-0.1575,Negative,22.147421930797357,interacts with,0.02,False,interacts with,9aecac2abcac69ad5a121dabba570b20_fungi (interacts with) 6f919188220b0c82be4439bb63dd189e_fungi,9aecac2abcac69ad5a121dabba570b20_fungi,6f919188220b0c82be4439bb63dd189e_fungi,0178,0222,0
0.2543,Positive,17.762421491477205,interacts with,0.003,False,interacts with,5f279c746c8e0dc1b9305887f0cbae5a_fungi (interacts with) 6f919188220b0c82be4439bb63dd189e_fungi,5f279c746c8e0dc1b9305887f0cbae5a_fungi,6f919188220b0c82be4439bb63dd189e_fungi,0080,0222,0
0.198,Positive,20.858425070676724,interacts with,0.003,False,interacts with,f399f80a36b7b63e3071e1397d106116_fungi (interacts with) 6f919188220b0c82be4439bb63dd189e_fungi,f399f80a36b7b63e3071e1397d106116_fungi,6f919188220b0c82be4439bb63dd189e_fungi,0179,0222,0
-0.2071,Negative,19.783746109507465,interacts with,0.003,False,interacts with,2b58ac3373c047a1eebbf7a75e2e0552_fungi (interacts with) 6f919188220b0c82be4439bb63dd189e_fungi,2b58ac3373c047a1eebbf7a75e2e0552_fungi,6f919188220b0c82be4439bb63dd189e_fungi,0124,0222,0
0.2092,Positive,18.21401272118581,interacts with,0.004,False,interacts with,223c70ea1023264b0e955d86276fac55_fungi (interacts with) 6f919188220b0c82be4439bb63dd189e_fungi,223c70ea1023264b0e955d86276fac55_fungi,6f919188220b0c82be4439bb63dd189e_fungi,0224,0222,0
0.24,Positive,12.899829319906202,interacts with,0.001,False,interacts with,8785fbcd8cc239f3cbcfc81f423115d0_fungi (interacts with) 6f919188220b0c82be4439bb63dd189e_fungi,8785fbcd8cc239f3cbcfc81f423115d0_fungi,6f919188220b0c82be4439bb63dd189e_fungi,0238,0222,0
-0.1525,Negative,20.29771702319625,interacts with,0.049,False,interacts with,99318de41dd49424cad9bf4501ab86ce_eukaryote (interacts with) 6f919188220b0c82be4439bb63dd189e_fungi,99318de41dd49424cad9bf4501ab86ce_eukaryote,6f919188220b0c82be4439bb63dd189e_fungi,0128,0222,0
-0.2051,Negative,20.51586337705242,interacts with,0.001,False,interacts with,a76ff1e570245a93affb4ac8a7e97b5a_eukaryote (interacts with) 6f919188220b0c82be4439bb63dd189e_fungi,a76ff1e570245a93affb4ac8a7e97b5a_eukaryote,6f919188220b0c82be4439bb63dd189e_fungi,0149,0222,0
-0.1655,Negative,20.083120809885944,interacts with,0.016,False,interacts with,e3e05f194c5ba7c9e24fbaf65a891e6e_eukaryote (interacts with) 6f919188220b0c82be4439bb63dd189e_fungi,e3e05f194c5ba7c9e24fbaf65a891e6e_eukaryote,6f919188220b0c82be4439bb63dd189e_fungi,0189,0222,0
-0.211,Negative,12.413946701200016,interacts with,0.007,False,interacts with,cc72eaa86c2be573136acdf59cda9fc3_oomycete (interacts with) 47646c283877f7b72d1b9a5199bd45b9_fungi,cc72eaa86c2be573136acdf59cda9fc3_oomycete,47646c283877f7b72d1b9a5199bd45b9_fungi,0083,0235,0
-0.1436,Negative,16.473563356816204,interacts with,0.048,False,interacts with,fa5d2b7bc448a32fa9ec8262e24231be_eukaryote (interacts with) 7d8361bafb81458a6092cf72051fb8ba_fungi,fa5d2b7bc448a32fa9ec8262e24231be_eukaryote,7d8361bafb81458a6092cf72051fb8ba_fungi,0093,0123,0
0.1555,Positive,12.128058905553129,interacts with,0.04,False,interacts with,cc72eaa86c2be573136acdf59cda9fc3_oomycete (interacts with) 9aecac2abcac69ad5a121dabba570b20_fungi,cc72eaa86c2be573136acdf59cda9fc3_oomycete,9aecac2abcac69ad5a121dabba570b20_fungi,0083,0178,0
0.1486,Positive,10.52750177861318,interacts with,0.044,False,interacts with,cc72eaa86c2be573136acdf59cda9fc3_oomycete (interacts with) 12d11cd730ac7a521601a8c9ef2e3f4c_fungi,cc72eaa86c2be573136acdf59cda9fc3_oomycete,12d11cd730ac7a521601a8c9ef2e3f4c_fungi,0083,0081,0
-0.1718,Negative,12.037319971424592,interacts with,0.022,False,interacts with,cc72eaa86c2be573136acdf59cda9fc3_oomycete (interacts with) dcd80134a421ba1ee39910e372a24a74_fungi,cc72eaa86c2be573136acdf59cda9fc3_oomycete,dcd80134a421ba1ee39910e372a24a74_fungi,0083,0206,0
0.1981,Positive,11.294840095706505,interacts with,0.003,False,interacts with,cc72eaa86c2be573136acdf59cda9fc3_oomycete (interacts with) f399f80a36b7b63e3071e1397d106116_fungi,cc72eaa86c2be573136acdf59cda9fc3_oomycete,f399f80a36b7b63e3071e1397d106116_fungi,0083,0179,0
0.2101,Positive,11.628302710700808,interacts with,0.004,False,interacts with,5a7fabdfc2b1915ca336712e300eb727_eukaryote (interacts with) f399f80a36b7b63e3071e1397d106116_fungi,5a7fabdfc2b1915ca336712e300eb727_eukaryote,f399f80a36b7b63e3071e1397d106116_fungi,0127,0179,0
0.1788,Positive,11.862664664357986,interacts with,0.016,False,interacts with,cc72eaa86c2be573136acdf59cda9fc3_oomycete (interacts with) bc4dcedbb783ae6fa7d42e19730bbd6a_fungi,cc72eaa86c2be573136acdf59cda9fc3_oomycete,bc4dcedbb783ae6fa7d42e19730bbd6a_fungi,0083,0138,0
0.231,Positive,10.478651071036692,interacts with,0.002,False,interacts with,5a7fabdfc2b1915ca336712e300eb727_eukaryote (interacts with) bc4dcedbb783ae6fa7d42e19730bbd6a_fungi,5a7fabdfc2b1915ca336712e300eb727_eukaryote,bc4dcedbb783ae6fa7d42e19730bbd6a_fungi,0127,0138,0
-0.1785,Negative,14.556353209786124,interacts with,0.031,False,interacts with,5a7fabdfc2b1915ca336712e300eb727_eukaryote (interacts with) 39d163834966cd25a456abec8a6fb0a4_oomycete,5a7fabdfc2b1915ca336712e300eb727_eukaryote,39d163834966cd25a456abec8a6fb0a4_oomycete,0127,0082,0
-0.2138,Negative,25.297980580335025,interacts with,0.005,False,interacts with,394dace7cd674dc9355c4f64bfada83f_eukaryote (interacts with) cc72eaa86c2be573136acdf59cda9fc3_oomycete,394dace7cd674dc9355c4f64bfada83f_eukaryote,cc72eaa86c2be573136acdf59cda9fc3_oomycete,0084,0083,0
0.4642,Positive,11.94406136176422,interacts with,0.001,False,interacts with,5a7fabdfc2b1915ca336712e300eb727_eukaryote (interacts with) cc72eaa86c2be573136acdf59cda9fc3_oomycete,5a7fabdfc2b1915ca336712e300eb727_eukaryote,cc72eaa86c2be573136acdf59cda9fc3_oomycete,0127,0083,0
0.2343,Positive,11.910119549914803,interacts with,0.005,False,interacts with,d61cd1d4bdad6e7320c6df304a2c2e5a_eukaryote (interacts with) cc72eaa86c2be573136acdf59cda9fc3_oomycete,d61cd1d4bdad6e7320c6df304a2c2e5a_eukaryote,cc72eaa86c2be573136acdf59cda9fc3_oomycete,0085,0083,0
-0.1784,Negative,12.220721738589038,interacts with,0.04,False,interacts with,e0f36c1501288265da47b71dfc9707dd_eukaryote (interacts with) cc72eaa86c2be573136acdf59cda9fc3_oomycete,e0f36c1501288265da47b71dfc9707dd_eukaryote,cc72eaa86c2be573136acdf59cda9fc3_oomycete,0087,0083,0
0.1576,Positive,13.623253551198667,interacts with,0.045,False,interacts with,cdfb9490b3e043a9832cbace39b2d3fb_eukaryote (interacts with) cc72eaa86c2be573136acdf59cda9fc3_oomycete,cdfb9490b3e043a9832cbace39b2d3fb_eukaryote,cc72eaa86c2be573136acdf59cda9fc3_oomycete,0089,0083,0
-0.1997,Negative,11.065532837410984,interacts with,0.013,False,interacts with,702fdff0087af04a85cb3584b775ba92_eukaryote (interacts with) cc72eaa86c2be573136acdf59cda9fc3_oomycete,702fdff0087af04a85cb3584b775ba92_eukaryote,cc72eaa86c2be573136acdf59cda9fc3_oomycete,0214,0083,0
0.1817,Positive,16.677502122492843,interacts with,0.016,False,interacts with,d6e7187575c837cc355b39cb4c72f1b7_eukaryote (interacts with) cc72eaa86c2be573136acdf59cda9fc3_oomycete,d6e7187575c837cc355b39cb4c72f1b7_eukaryote,cc72eaa86c2be573136acdf59cda9fc3_oomycete,0139,0083,0
0.2978,Positive,9.8741250507856,interacts with,0.001,False,interacts with,5c71206f2fadd330c5295bb2b8e24c9d_eukaryote (interacts with) cc72eaa86c2be573136acdf59cda9fc3_oomycete,5c71206f2fadd330c5295bb2b8e24c9d_eukaryote,cc72eaa86c2be573136acdf59cda9fc3_oomycete,0140,0083,0
-0.1914,Negative,10.566612665735688,interacts with,0.009,False,interacts with,6a93161d8c0b6e9c9d636325ba9ebcae_eukaryote (interacts with) cc72eaa86c2be573136acdf59cda9fc3_oomycete,6a93161d8c0b6e9c9d636325ba9ebcae_eukaryote,cc72eaa86c2be573136acdf59cda9fc3_oomycete,0187,0083,0
-0.2512,Negative,9.208274505366315,interacts with,0.002,False,interacts with,18f83f1b38e7d46908c0805e2c1960e4_eukaryote (interacts with) cc72eaa86c2be573136acdf59cda9fc3_oomycete,18f83f1b38e7d46908c0805e2c1960e4_eukaryote,cc72eaa86c2be573136acdf59cda9fc3_oomycete,0217,0083,0
-0.1377,Negative,10.87099009116556,interacts with,0.049,False,interacts with,2c401f46914cf5a8f8728ec0a8b78fe9_eukaryote (interacts with) cc72eaa86c2be573136acdf59cda9fc3_oomycete,2c401f46914cf5a8f8728ec0a8b78fe9_eukaryote,cc72eaa86c2be573136acdf59cda9fc3_oomycete,0095,0083,0
-0.2138,Negative,10.755620539364964,interacts with,0.003,False,interacts with,20be67fe93cc9f6528d6aaddacc059f1_eukaryote (interacts with) cc72eaa86c2be573136acdf59cda9fc3_oomycete,20be67fe93cc9f6528d6aaddacc059f1_eukaryote,cc72eaa86c2be573136acdf59cda9fc3_oomycete,0218,0083,0
0.1496,Positive,12.792496289796606,interacts with,0.039,False,interacts with,4f8eec0fd883c3c151fb5dce569f8dc0_eukaryote (interacts with) cc72eaa86c2be573136acdf59cda9fc3_oomycete,4f8eec0fd883c3c151fb5dce569f8dc0_eukaryote,cc72eaa86c2be573136acdf59cda9fc3_oomycete,0225,0083,0
0.1676,Positive,13.921720352904408,interacts with,0.013,False,interacts with,e3e05f194c5ba7c9e24fbaf65a891e6e_eukaryote (interacts with) cc72eaa86c2be573136acdf59cda9fc3_oomycete,e3e05f194c5ba7c9e24fbaf65a891e6e_eukaryote,cc72eaa86c2be573136acdf59cda9fc3_oomycete,0189,0083,0
-0.1833,Negative,10.697428726937945,interacts with,0.011,False,interacts with,38c850022d0700fa24b06d5dd3f8da40_eukaryote (interacts with) cc72eaa86c2be573136acdf59cda9fc3_oomycete,38c850022d0700fa24b06d5dd3f8da40_eukaryote,cc72eaa86c2be573136acdf59cda9fc3_oomycete,0100,0083,0
-0.1473,Negative,9.827338348410636,interacts with,0.028,False,interacts with,d7463494a00186665833be74ccdd14a1_eukaryote (interacts with) cc72eaa86c2be573136acdf59cda9fc3_oomycete,d7463494a00186665833be74ccdd14a1_eukaryote,cc72eaa86c2be573136acdf59cda9fc3_oomycete,0101,0083,0
0.1442,Positive,12.67289475896246,interacts with,0.027,False,interacts with,3c8cb7ae46cf87caa164eb1a31c2ba7d_eukaryote (interacts with) cc72eaa86c2be573136acdf59cda9fc3_oomycete,3c8cb7ae46cf87caa164eb1a31c2ba7d_eukaryote,cc72eaa86c2be573136acdf59cda9fc3_oomycete,0190,0083,0
0.2019,Positive,14.923744799571322,interacts with,0.007,False,interacts with,5cea4c9d87a8d0134d2b58e91c510d8c_eukaryote (interacts with) cc72eaa86c2be573136acdf59cda9fc3_oomycete,5cea4c9d87a8d0134d2b58e91c510d8c_eukaryote,cc72eaa86c2be573136acdf59cda9fc3_oomycete,0102,0083,0
0.1558,Positive,29.183882254825846,interacts with,0.021,False,interacts with,3d572774b274de40d5f878929bb68ee9_eukaryote (interacts with) cc72eaa86c2be573136acdf59cda9fc3_oomycete,3d572774b274de40d5f878929bb68ee9_eukaryote,cc72eaa86c2be573136acdf59cda9fc3_oomycete,0259,0083,0
-0.2154,Negative,22.599537262289655,interacts with,0.01,False,interacts with,5a7fabdfc2b1915ca336712e300eb727_eukaryote (interacts with) f797cf2765402dd3d1f72f7838c4a54c_oomycete,5a7fabdfc2b1915ca336712e300eb727_eukaryote,f797cf2765402dd3d1f72f7838c4a54c_oomycete,0127,0208,0
-0.2217,Negative,12.49703757944456,interacts with,0.008,False,interacts with,5a7fabdfc2b1915ca336712e300eb727_eukaryote (interacts with) 8d7bfbf1d9cc089639fe484763c3f188_oomycete,5a7fabdfc2b1915ca336712e300eb727_eukaryote,8d7bfbf1d9cc089639fe484763c3f188_oomycete,0127,0210,0
-0.1801,Negative,13.508716345558716,interacts with,0.023,False,interacts with,5a7fabdfc2b1915ca336712e300eb727_eukaryote (interacts with) 9a72d97ba542c0d4c87ab583eb06188b_oomycete,5a7fabdfc2b1915ca336712e300eb727_eukaryote,9a72d97ba542c0d4c87ab583eb06188b_oomycete,0127,0184,0
0.2804,Positive,12.392947340548425,interacts with,0.001,False,interacts with,d61cd1d4bdad6e7320c6df304a2c2e5a_eukaryote (interacts with) 5a7fabdfc2b1915ca336712e300eb727_eukaryote,d61cd1d4bdad6e7320c6df304a2c2e5a_eukaryote,5a7fabdfc2b1915ca336712e300eb727_eukaryote,0085,0127,0
-0.3003,Negative,13.138995448953036,interacts with,0.001,False,interacts with,2a260e6160f0ac4a2e115072d5b0cd0f_eukaryote (interacts with) 5a7fabdfc2b1915ca336712e300eb727_eukaryote,2a260e6160f0ac4a2e115072d5b0cd0f_eukaryote,5a7fabdfc2b1915ca336712e300eb727_eukaryote,0213,0127,0
-0.2399,Negative,13.00278694981633,interacts with,0.006,False,interacts with,6f658d24895b04231f6e654762669b72_eukaryote (interacts with) 5a7fabdfc2b1915ca336712e300eb727_eukaryote,6f658d24895b04231f6e654762669b72_eukaryote,5a7fabdfc2b1915ca336712e300eb727_eukaryote,0091,0127,0
0.1621,Positive,17.550072188733168,interacts with,0.036,False,interacts with,3f795849e5ab98c40f875a580004f9f7_eukaryote (interacts with) 5a7fabdfc2b1915ca336712e300eb727_eukaryote,3f795849e5ab98c40f875a580004f9f7_eukaryote,5a7fabdfc2b1915ca336712e300eb727_eukaryote,0216,0127,0
0.2121,Positive,15.971667864789458,interacts with,0.012,False,interacts with,fa5d2b7bc448a32fa9ec8262e24231be_eukaryote (interacts with) 5a7fabdfc2b1915ca336712e300eb727_eukaryote,fa5d2b7bc448a32fa9ec8262e24231be_eukaryote,5a7fabdfc2b1915ca336712e300eb727_eukaryote,0093,0127,1
0.1769,Positive,12.46548012076019,interacts with,0.024,False,interacts with,09248793722288a010ac7f729c00643e_eukaryote (interacts with) 5a7fabdfc2b1915ca336712e300eb727_eukaryote,09248793722288a010ac7f729c00643e_eukaryote,5a7fabdfc2b1915ca336712e300eb727_eukaryote,0185,0127,0
0.2993,Positive,8.51753936383256,interacts with,0.001,False,interacts with,5c71206f2fadd330c5295bb2b8e24c9d_eukaryote (interacts with) 5a7fabdfc2b1915ca336712e300eb727_eukaryote,5c71206f2fadd330c5295bb2b8e24c9d_eukaryote,5a7fabdfc2b1915ca336712e300eb727_eukaryote,0140,0127,0
0.2224,Positive,12.131650493534153,interacts with,0.006,False,interacts with,4f8eec0fd883c3c151fb5dce569f8dc0_eukaryote (interacts with) 5a7fabdfc2b1915ca336712e300eb727_eukaryote,4f8eec0fd883c3c151fb5dce569f8dc0_eukaryote,5a7fabdfc2b1915ca336712e300eb727_eukaryote,0225,0127,0
0.1492,Positive,12.948629922513454,interacts with,0.028,False,interacts with,28c42fb75b412baf6c28c32d0ad37e9b_eukaryote (interacts with) 5a7fabdfc2b1915ca336712e300eb727_eukaryote,28c42fb75b412baf6c28c32d0ad37e9b_eukaryote,5a7fabdfc2b1915ca336712e300eb727_eukaryote,0188,0127,0
0.1963,Positive,13.789511620193924,interacts with,0.005,False,interacts with,d56db645940d7263cd904f96f3e2258f_eukaryote (interacts with) 5a7fabdfc2b1915ca336712e300eb727_eukaryote,d56db645940d7263cd904f96f3e2258f_eukaryote,5a7fabdfc2b1915ca336712e300eb727_eukaryote,0142,0127,0
0.1593,Positive,11.465661198402222,interacts with,0.011,False,interacts with,3c8cb7ae46cf87caa164eb1a31c2ba7d_eukaryote (interacts with) 5a7fabdfc2b1915ca336712e300eb727_eukaryote,3c8cb7ae46cf87caa164eb1a31c2ba7d_eukaryote,5a7fabdfc2b1915ca336712e300eb727_eukaryote,0190,0127,0
0.1354,Positive,13.502572968905955,interacts with,0.047,False,interacts with,5cea4c9d87a8d0134d2b58e91c510d8c_eukaryote (interacts with) 5a7fabdfc2b1915ca336712e300eb727_eukaryote,5cea4c9d87a8d0134d2b58e91c510d8c_eukaryote,5a7fabdfc2b1915ca336712e300eb727_eukaryote,0102,0127,0
0.4401,Positive,9.838105486026343,interacts with,0.001,False,interacts with,fa5d2b7bc448a32fa9ec8262e24231be_eukaryote (interacts with) d61cd1d4bdad6e7320c6df304a2c2e5a_eukaryote,fa5d2b7bc448a32fa9ec8262e24231be_eukaryote,d61cd1d4bdad6e7320c6df304a2c2e5a_eukaryote,0093,0085,0
0.1845,Positive,15.06061144461688,interacts with,0.021,False,interacts with,fa5d2b7bc448a32fa9ec8262e24231be_eukaryote (interacts with) 99318de41dd49424cad9bf4501ab86ce_eukaryote,fa5d2b7bc448a32fa9ec8262e24231be_eukaryote,99318de41dd49424cad9bf4501ab86ce_eukaryote,0093,0128,0
0.4441,Positive,8.947789781499882,interacts with,0.001,False,interacts with,fa5d2b7bc448a32fa9ec8262e24231be_eukaryote (interacts with) e0f36c1501288265da47b71dfc9707dd_eukaryote,fa5d2b7bc448a32fa9ec8262e24231be_eukaryote,e0f36c1501288265da47b71dfc9707dd_eukaryote,0093,0087,0
0.2518,Positive,12.860437130969384,interacts with,0.003,False,interacts with,fa5d2b7bc448a32fa9ec8262e24231be_eukaryote (interacts with) bbe92aaf5408d1efb04e64943df37ed3_eukaryote,fa5d2b7bc448a32fa9ec8262e24231be_eukaryote,bbe92aaf5408d1efb04e64943df37ed3_eukaryote,0093,0088,0
0.2392,Positive,20.42082490164417,interacts with,0.004,False,interacts with,fa5d2b7bc448a32fa9ec8262e24231be_eukaryote (interacts with) d9e763753ea6a20c2a574df095f60580_eukaryote,fa5d2b7bc448a32fa9ec8262e24231be_eukaryote,d9e763753ea6a20c2a574df095f60580_eukaryote,0093,0211,0
0.2726,Positive,10.721789177017309,interacts with,0.001,False,interacts with,fa5d2b7bc448a32fa9ec8262e24231be_eukaryote (interacts with) 8fa171c38fb20ee4b1672db8353a9f63_eukaryote,fa5d2b7bc448a32fa9ec8262e24231be_eukaryote,8fa171c38fb20ee4b1672db8353a9f63_eukaryote,0093,0090,0
0.3989,Positive,11.310178307526378,interacts with,0.001,False,interacts with,fa5d2b7bc448a32fa9ec8262e24231be_eukaryote (interacts with) 7cf039e6626761ed4dc865aee7e775a5_eukaryote,fa5d2b7bc448a32fa9ec8262e24231be_eukaryote,7cf039e6626761ed4dc865aee7e775a5_eukaryote,0093,0092,0
0.2853,Positive,9.01154338564261,interacts with,0.001,False,interacts with,fa5d2b7bc448a32fa9ec8262e24231be_eukaryote (interacts with) d6e7187575c837cc355b39cb4c72f1b7_eukaryote,fa5d2b7bc448a32fa9ec8262e24231be_eukaryote,d6e7187575c837cc355b39cb4c72f1b7_eukaryote,0093,0139,0
-0.2133,Negative,14.65719510296068,interacts with,0.012,False,interacts with,fa5d2b7bc448a32fa9ec8262e24231be_eukaryote (interacts with) a70b9b48ee3a2f91d38850407dcdcaac_eukaryote,fa5d2b7bc448a32fa9ec8262e24231be_eukaryote,a70b9b48ee3a2f91d38850407dcdcaac_eukaryote,0093,0215,0
0.3274,Positive,13.868466109913475,interacts with,0.001,False,interacts with,09248793722288a010ac7f729c00643e_eukaryote (interacts with) fa5d2b7bc448a32fa9ec8262e24231be_eukaryote,09248793722288a010ac7f729c00643e_eukaryote,fa5d2b7bc448a32fa9ec8262e24231be_eukaryote,0185,0093,0
0.1751,Positive,16.71953047835866,interacts with,0.021,False,interacts with,5c71206f2fadd330c5295bb2b8e24c9d_eukaryote (interacts with) fa5d2b7bc448a32fa9ec8262e24231be_eukaryote,5c71206f2fadd330c5295bb2b8e24c9d_eukaryote,fa5d2b7bc448a32fa9ec8262e24231be_eukaryote,0140,0093,0
0.1537,Positive,12.934763181203085,interacts with,0.04,False,interacts with,6a93161d8c0b6e9c9d636325ba9ebcae_eukaryote (interacts with) fa5d2b7bc448a32fa9ec8262e24231be_eukaryote,6a93161d8c0b6e9c9d636325ba9ebcae_eukaryote,fa5d2b7bc448a32fa9ec8262e24231be_eukaryote,0187,0093,0
0.1938,Positive,38.13341507657475,interacts with,0.016,False,interacts with,850f9456f23d337e109baafd956b54d6_eukaryote (interacts with) fa5d2b7bc448a32fa9ec8262e24231be_eukaryote,850f9456f23d337e109baafd956b54d6_eukaryote,fa5d2b7bc448a32fa9ec8262e24231be_eukaryote,0258,0093,0
0.1588,Positive,11.412517652191076,interacts with,0.028,False,interacts with,c42c09f149cbb96ab465fe8b2be206c3_eukaryote (interacts with) fa5d2b7bc448a32fa9ec8262e24231be_eukaryote,c42c09f149cbb96ab465fe8b2be206c3_eukaryote,fa5d2b7bc448a32fa9ec8262e24231be_eukaryote,0096,0093,0
0.2414,Positive,15.414092496746468,interacts with,0.001,False,interacts with,f02abee84a8b31c4281aa2fb6bd58349_eukaryote (interacts with) fa5d2b7bc448a32fa9ec8262e24231be_eukaryote,f02abee84a8b31c4281aa2fb6bd58349_eukaryote,fa5d2b7bc448a32fa9ec8262e24231be_eukaryote,0097,0093,0
0.1694,Positive,17.164995875500118,interacts with,0.009,False,interacts with,a654a25725fefee58e879aa11f5011b6_eukaryote (interacts with) fa5d2b7bc448a32fa9ec8262e24231be_eukaryote,a654a25725fefee58e879aa11f5011b6_eukaryote,fa5d2b7bc448a32fa9ec8262e24231be_eukaryote,0141,0093,0
0.1692,Positive,10.184621105568969,interacts with,0.009,False,interacts with,a0026d509095158fccba24e0a4c3ef6e_eukaryote (interacts with) fa5d2b7bc448a32fa9ec8262e24231be_eukaryote,a0026d509095158fccba24e0a4c3ef6e_eukaryote,fa5d2b7bc448a32fa9ec8262e24231be_eukaryote,0099,0093,0
0.2796,Positive,10.319178397443975,interacts with,0.001,False,interacts with,d56db645940d7263cd904f96f3e2258f_eukaryote (interacts with) fa5d2b7bc448a32fa9ec8262e24231be_eukaryote,d56db645940d7263cd904f96f3e2258f_eukaryote,fa5d2b7bc448a32fa9ec8262e24231be_eukaryote,0142,0093,0
0.1791,Positive,12.144577291781086,interacts with,0.008,False,interacts with,737804271196e9ba022de8d2c10afec9_eukaryote (interacts with) fa5d2b7bc448a32fa9ec8262e24231be_eukaryote,737804271196e9ba022de8d2c10afec9_eukaryote,fa5d2b7bc448a32fa9ec8262e24231be_eukaryote,0143,0093,0
0.1322,Positive,9.30921104232441,interacts with,0.041,False,interacts with,38c850022d0700fa24b06d5dd3f8da40_eukaryote (interacts with) fa5d2b7bc448a32fa9ec8262e24231be_eukaryote,38c850022d0700fa24b06d5dd3f8da40_eukaryote,fa5d2b7bc448a32fa9ec8262e24231be_eukaryote,0100,0093,0
0.1599,Positive,14.468540339661107,interacts with,0.021,False,interacts with,d7463494a00186665833be74ccdd14a1_eukaryote (interacts with) fa5d2b7bc448a32fa9ec8262e24231be_eukaryote,d7463494a00186665833be74ccdd14a1_eukaryote,fa5d2b7bc448a32fa9ec8262e24231be_eukaryote,0101,0093,0
